club_id,club_name,competition_id,competition_name,incoming_transfer_records,outgoing_transfer_records,known_paid_transfers,known_fee_sales,recorded_zero_fee_arrivals,recorded_zero_fee_departures,missing_fee_arrivals,missing_fee_departures,known_transfer_expenditure_eur,known_transfer_income_eur,known_net_transfer_balance_eur,expenditure_rank,income_rank,positive_balance_rank,negative_balance_rank
1003,Leicester,GB1,premier-league,25,17,9,1,13,16,3,0,117000000,11850000,-105150000,1,37,136,1
180,Southampton,GB1,premier-league,23,13,10,3,12,9,1,1,95600000,38400000,-57200000,2,11,131,6
405,Aston Villa,GB1,premier-league,25,24,4,7,16,16,5,1,82050000,86050000,4000000,3,1,39,98
350,Sheff Utd,GB1,premier-league,20,21,5,1,11,17,4,3,80550000,16650000,-63900000,4,29,132,5
631,Chelsea,GB1,premier-league,11,10,3,1,7,9,1,0,78500000,5000000,-73500000,5,59,134,3
2919,Monza,IT1,serie-a,53,32,18,0,29,29,6,3,77705000,0,-77705000,6,103,135,2
677,Ipswich,GB1,premier-league,18,8,8,2,7,5,3,1,67140000,2410000,-64730000,7,75,133,4
131,Barcelona,ES1,laliga,7,8,2,2,5,6,0,0,63400000,23500000,-39900000,8,18,130,7
1421,Stade Reims,FR1,ligue-1,24,19,10,5,11,14,3,0,54300000,31900000,-22400000,9,14,122,15
368,Sevilla FC,ES1,laliga,16,20,4,3,11,15,1,2,45100000,19680000,-25420000,10,26,123,14
273,Stade Rennais,FR1,ligue-1,17,16,5,5,8,11,4,0,42000000,32670000,-9330000,11,12,103,34
46,Inter,IT1,serie-a,21,23,2,3,17,20,2,0,41200000,5900000,-35300000,12,55,128,9
985,Man Utd,GB1,premier-league,12,11,1,1,6,7,5,3,40000000,1700000,-38300000,13,83,129,8
416,Torino,IT1,serie-a,21,22,4,4,16,15,1,3,36500000,7600000,-28900000,14,48,127,10
276,Hellas Verona,IT1,serie-a,47,39,9,5,36,31,2,3,35100000,24160000,-10940000,15,17,107,30
3302,UD Almería,ES1,laliga,31,20,10,1,19,18,2,1,33280000,6000000,-27280000,16,54,126,11
417,OGC Nice,FR1,ligue-1,25,24,4,3,15,17,6,4,31230000,9400000,-21830000,17,44,121,16
12,Roma,IT1,serie-a,18,19,2,6,11,12,5,1,29300000,39790000,10490000,18,9,22,115
380,Salernitana,IT1,serie-a,49,38,11,1,31,31,7,6,28080000,2000000,-26080000,19,80,125,12
430,Fiorentina,IT1,serie-a,36,38,4,3,27,31,5,4,27860000,21880000,-5980000,20,22,93,44
162,Monaco,FR1,ligue-1,12,17,2,5,9,10,1,2,26000000,14900000,-11100000,21,32,108,29
703,Nottm Forest,GB1,premier-league,23,21,5,1,16,16,2,4,26000000,100000,-25900000,21,101,124,13
252,Genoa,IT1,serie-a,51,45,9,6,39,35,3,4,25300000,6150000,-19150000,22,53,119,18
379,West Ham,GB1,premier-league,7,9,3,3,2,5,2,1,24950000,23000000,-1950000,23,20,79,58
31,Liverpool,GB1,premier-league,10,16,2,1,7,11,1,4,23850000,4100000,-19750000,24,66,120,17
1031,Luton,GB1,premier-league,51,33,8,2,28,26,15,5,21650000,6150000,-15500000,25,53,113,24
1041,Olympique Lyon,FR1,ligue-1,20,15,4,1,13,12,3,2,20580000,2500000,-18080000,26,73,118,19
533,TSG Hoffenheim,L1,bundesliga,22,19,4,2,12,12,6,5,20300000,3000000,-17300000,27,70,117,20
618,Saint-Étienne,FR1,ligue-1,23,11,6,2,10,7,7,2,19700000,4000000,-15700000,28,67,114,23
410,Udinese Calcio,IT1,serie-a,37,32,3,3,30,27,4,2,19450000,15500000,-3950000,29,31,88,49
399,Leeds,GB1,premier-league,6,9,1,1,5,7,0,1,17700000,1200000,-16500000,30,90,115,22
667,R. Strasbourg,FR1,ligue-1,25,20,7,0,12,17,6,3,16900000,0,-16900000,31,103,116,21
366,Real Valladolid,ES1,laliga,32,29,8,4,21,24,3,1,15350000,11500000,-3850000,32,39,87,50
621,Athletic Club,ES1,laliga,14,16,1,2,11,12,2,2,15000000,1500000,-13500000,33,86,112,25
607,Venezia,IT1,serie-a,26,19,7,1,17,18,2,0,14500000,2500000,-12000000,34,73,110,27
130,Parma,IT1,serie-a,15,16,4,3,10,11,1,2,13780000,6650000,-7130000,35,50,99,38
3008,Hull City,GB1,premier-league,13,16,3,3,9,12,1,1,13100000,39300000,26200000,36,10,9,128
16795,Granada CF,ES1,laliga,23,24,6,4,16,19,1,1,12850000,6450000,-6400000,37,52,94,43
1010,Watford,GB1,premier-league,16,19,2,4,13,14,1,1,12500000,23100000,10600000,38,19,21,116
82,Wolfsburg,L1,bundesliga,16,18,2,0,10,15,4,3,12500000,0,-12500000,38,103,111,26
244,Marseille,FR1,ligue-1,16,18,1,3,12,14,3,1,12450000,6000000,-6450000,39,54,96,41
6195,SSC Napoli,IT1,serie-a,25,24,1,5,19,18,5,1,11500000,40780000,29280000,40,8,7,130
749,FC Empoli,IT1,serie-a,38,28,7,0,25,24,6,4,11350000,0,-11350000,41,103,109,28
2687,Cádiz CF,ES1,laliga,29,23,7,1,19,18,3,4,11200000,1000000,-10200000,42,92,105,32
367,Rayo Vallecano,ES1,laliga,21,18,1,1,17,16,3,1,11000000,700000,-10300000,43,95,106,31
6574,Sassuolo,IT1,serie-a,25,29,1,7,22,19,2,3,11000000,55450000,44450000,43,5,5,132
89,Union Berlin,L1,bundesliga,23,20,5,4,15,16,3,0,11000000,4150000,-6850000,43,65,97,40
1038,Sampdoria,IT1,serie-a,26,28,5,7,18,19,3,2,10500000,19260000,8760000,44,27,27,110
681,Real Sociedad,ES1,laliga,9,8,1,0,5,7,3,1,10000000,0,-10000000,45,103,104,33
2288,Swansea,GB1,premier-league,13,11,7,3,6,8,0,0,9130000,15850000,6720000,46,30,30,107
1420,Angers SCO,FR1,ligue-1,7,10,2,1,3,7,2,2,9000000,2000000,-7000000,47,80,98,39
1132,Burnley,GB1,premier-league,16,16,3,0,11,13,2,3,8750000,0,-8750000,48,103,102,35
1049,Valencia,ES1,laliga,11,16,2,2,8,12,1,2,8750000,4800000,-3950000,48,61,88,49
543,Wolves,GB1,premier-league,25,27,2,6,20,19,3,2,8750000,49250000,40500000,48,7,6,131
969,Montpellier,FR1,ligue-1,20,14,3,3,10,10,7,1,8600000,32500000,23900000,49,13,11,126
86,Werder Bremen,L1,bundesliga,15,13,3,3,9,9,3,1,8200000,2450000,-5750000,50,74,92,45
800,Atalanta BC,IT1,serie-a,33,35,2,10,28,22,3,3,7800000,69200000,61400000,51,2,1,136
458,Palermo,IT1,serie-a,11,5,4,0,6,5,1,0,7680000,0,-7680000,52,103,101,36
1095,Troyes,FR1,ligue-1,16,19,5,3,11,11,0,5,7500000,5500000,-2000000,53,58,80,57
1047,Como,IT1,serie-a,19,11,6,0,12,9,1,2,7450000,0,-7450000,54,103,100,37
167,FC Augsburg,L1,bundesliga,14,14,3,3,10,10,1,1,7450000,21400000,13950000,54,24,17,120
44,Hertha BSC,L1,bundesliga,8,7,2,4,5,3,1,0,7450000,8750000,1300000,54,45,53,84
512,Stoke City,GB1,premier-league,24,23,3,2,17,17,4,4,7400000,19900000,12500000,55,25,18,119
472,UD Las Palmas,ES1,laliga,27,17,5,1,20,13,2,3,6650000,1460000,-5190000,56,87,90,47
2722,SPAL,IT1,serie-a,9,13,3,2,6,11,0,0,6575000,1050000,-5525000,57,91,91,46
603,Cardiff,GB1,premier-league,17,13,2,0,14,12,1,1,6430000,0,-6430000,58,103,95,42
5,AC Milan,IT1,serie-a,15,18,2,1,11,13,2,4,6330000,21700000,15370000,59,23,16,121
1005,Lecce,IT1,serie-a,40,33,8,8,21,23,11,2,6250000,9550000,3300000,60,43,41,96
24,Frankfurt,L1,bundesliga,13,12,2,2,7,5,4,5,6050000,5000000,-1050000,61,59,74,63
583,PSG,FR1,ligue-1,21,21,1,1,13,15,7,5,6000000,5000000,-1000000,62,59,73,64
12321,Girona,ES1,laliga,15,14,1,2,12,11,2,1,5500000,4900000,-600000,63,60,68,69
347,FC Metz,FR1,ligue-1,18,13,4,4,7,6,7,3,5200000,5600000,400000,64,56,61,76
3709,Getafe,ES1,laliga,25,28,1,3,24,25,0,0,5160000,5540000,380000,65,57,62,75
1390,Cagliari Calcio,IT1,serie-a,25,25,4,6,19,15,2,4,5110000,10250000,5140000,66,41,33,104
641,Middlesbrough,GB1,premier-league,14,16,2,2,10,12,2,2,5030000,12765000,7735000,67,35,29,108
3522,Spezia Calcio,IT1,serie-a,12,14,2,3,10,10,0,1,5030000,7000000,1970000,67,49,49,88
105,Darmstadt 98,L1,bundesliga,22,15,3,2,17,10,2,3,5000000,4200000,-800000,68,64,71,66
1158,FC Lorient,FR1,ligue-1,20,19,2,3,16,14,2,2,5000000,7850000,2850000,68,47,44,93
995,FC Nantes,FR1,ligue-1,11,15,1,4,8,8,2,3,5000000,14200000,9200000,68,33,26,111
8970,Frosinone,IT1,serie-a,38,23,8,2,22,17,8,4,4950000,2005000,-2945000,69,79,84,53
237,RCD Mallorca,ES1,laliga,15,18,2,2,13,13,0,3,4700000,3100000,-1600000,70,68,78,59
3524,Clermont Foot,FR1,ligue-1,24,19,2,0,16,12,6,7,4500000,0,-4500000,71,103,89,48
281,Man City,GB1,premier-league,14,14,1,1,12,13,1,0,4500000,23000000,18500000,71,20,13,124
79,VfB Stuttgart,L1,bundesliga,18,15,3,2,7,9,8,4,4300000,3100000,-1200000,72,68,75,62
1039,QPR,GB1,premier-league,18,17,1,1,15,15,2,1,4000000,900000,-3100000,73,93,86,51
3911,Stade Brestois,FR1,ligue-1,13,11,1,1,10,8,2,2,4000000,1600000,-2400000,73,84,81,56
269,Holstein Kiel,L1,bundesliga,14,3,6,0,6,3,2,0,3950000,0,-3950000,74,103,88,49
3,1.FC Köln,L1,bundesliga,7,5,2,1,4,2,1,2,3500000,900000,-2600000,75,93,82,55
714,Espanyol,ES1,laliga,8,12,2,4,5,7,1,1,3500000,13550000,10050000,75,34,24,113
1025,Bologna,IT1,serie-a,15,13,3,1,9,9,3,3,3360000,5000000,1640000,76,59,50,87
1244,CD Leganés,ES1,laliga,22,19,3,2,18,17,1,0,3200000,2000000,-1200000,77,80,75,62
506,Juventus,IT1,serie-a,8,10,1,2,7,8,0,0,3200000,63880000,60680000,77,3,2,135
940,Celta de Vigo,ES1,laliga,5,4,1,0,4,4,0,0,3000000,0,-3000000,78,103,85,52
1531,Elche CF,ES1,laliga,6,8,1,2,5,6,0,0,3000000,2200000,-800000,78,77,71,66
40,G. Bordeaux,FR1,ligue-1,11,15,1,2,7,12,3,1,3000000,8500000,5500000,78,46,32,105
39,Mainz,L1,bundesliga,7,10,1,1,4,7,2,2,3000000,1800000,-1200000,78,81,75,62
415,Toulouse,FR1,ligue-1,13,9,1,0,7,7,5,2,3000000,0,-3000000,78,103,85,52
80,VfL Bochum,L1,bundesliga,32,20,4,0,24,14,4,6,2750000,0,-2750000,79,103,83,54
1108,Alavés,ES1,laliga,16,12,2,1,9,11,5,0,2500000,2000000,-500000,80,80,67,70
1123,Norwich,GB1,premier-league,7,12,1,1,6,8,0,3,2500000,1710000,-790000,80,82,70,67
5358,SD Huesca,ES1,laliga,14,19,2,1,12,15,0,3,2500000,1000000,-1500000,80,92,76,61
1416,Amiens SC,FR1,ligue-1,15,17,2,3,10,13,3,1,2200000,4300000,2100000,81,63,47,90
826,Lens,FR1,ligue-1,9,9,1,1,5,6,3,2,2000000,2500000,500000,82,73,59,78
1050,Villarreal,ES1,laliga,13,14,1,0,9,11,3,3,2000000,0,-2000000,82,103,80,57
989,Bournemouth,GB1,premier-league,18,17,1,1,16,13,1,3,1700000,5500000,3800000,83,58,40,97
15,Leverkusen,L1,bundesliga,7,6,1,2,1,3,5,1,1700000,11800000,10100000,83,38,23,114
2036,Heidenheim,L1,bundesliga,9,7,2,0,3,6,4,1,1550000,0,-1550000,84,103,77,60
418,Real Madrid,ES1,laliga,8,9,1,4,6,4,1,1,1500000,57500000,56000000,85,4,3,134
1110,Huddersfield,GB1,premier-league,21,21,1,1,16,19,4,1,1400000,9400000,8000000,86,44,28,109
38,F. Düsseldorf,L1,bundesliga,8,7,2,1,6,6,0,0,1300000,2000000,700000,87,80,56,81
897,Dep. La Coruña,ES1,laliga,5,8,2,0,3,6,0,2,1200000,0,-1200000,88,103,75,62
1148,Brentford,GB1,premier-league,15,17,1,1,12,14,2,2,1100000,250000,-850000,89,99,72,65
4,1.FC Nuremberg,L1,bundesliga,8,6,1,0,7,4,0,2,1000000,0,-1000000,90,103,73,64
10,Arm. Bielefeld,L1,bundesliga,6,5,1,2,5,3,0,0,1000000,2050000,1050000,90,78,54,83
23826,RB Leipzig,L1,bundesliga,8,7,1,2,4,4,3,1,1000000,1580000,580000,90,85,58,79
35,St. Pauli,L1,bundesliga,7,5,2,1,2,3,3,1,900000,3000000,2100000,91,70,47,90
2239,Cremonese,IT1,serie-a,10,8,2,0,8,7,0,1,750000,0,-750000,92,103,69,68
4172,Pisa,IT1,serie-a,10,12,1,3,9,9,0,0,500000,5600000,5100000,93,56,34,103
289,Sunderland,GB1,premier-league,5,9,1,3,3,6,1,0,338000,27115000,26777000,94,15,8,129
65,Greuther Fürth,L1,bundesliga,11,13,2,1,7,10,2,2,330000,50000,-280000,95,102,66,71
33,FC Schalke 04,L1,bundesliga,10,9,1,2,7,7,2,0,300000,750000,450000,96,94,60,77
750,FC Sochaux,FR1,ligue-1,5,6,1,1,3,3,1,2,300000,200000,-100000,96,100,65,72
398,Lazio,IT1,serie-a,23,22,1,4,21,17,1,1,300000,16650000,16350000,96,29,15,122
127,SC Paderborn,L1,bundesliga,6,7,1,2,2,5,3,0,300000,4500000,4200000,96,62,38,99
1082,LOSC Lille,FR1,ligue-1,16,14,1,4,13,9,2,1,200000,25000000,24800000,97,16,10,127
10004,Paris FC,FR1,ligue-1,4,5,1,1,3,2,0,2,200000,1200000,1000000,97,90,55,82
19,Brescia,IT1,serie-a,5,6,1,0,4,4,0,2,5000,0,-5000,98,103,64,73
1147,AC Ajaccio,FR1,ligue-1,2,3,0,0,2,2,0,1,0,0,0,99,103,63,74
290,AJ Auxerre,FR1,ligue-1,7,7,0,0,6,7,1,0,0,0,0,99,103,63,74
11,Arsenal,GB1,premier-league,4,6,0,0,3,6,1,0,0,0,0,99,103,63,74
1210,AS Livorno,IT1,serie-a,1,2,0,0,0,1,1,1,0,0,0,99,103,63,74
1159,AS Nancy,FR1,ligue-1,6,6,0,1,6,5,0,0,0,5000000,5000000,99,59,35,102
13,Atlético Madrid,ES1,laliga,15,18,0,2,15,14,0,2,0,3050000,3050000,99,69,42,95
27,Bayern Munich,L1,bundesliga,6,8,0,1,4,7,2,0,0,22000000,22000000,99,21,12,125
4171,Benevento,IT1,serie-a,5,9,0,3,3,5,2,1,0,2300000,2300000,99,76,46,91
18,Bor. M'gladbach,L1,bundesliga,2,3,0,0,0,0,2,3,0,0,0,99,103,63,74
1237,Brighton,GB1,premier-league,6,7,0,0,4,6,2,1,0,0,0,99,103,63,74
331,CA Osasuna,ES1,laliga,9,12,0,2,8,10,1,0,0,450000,450000,99,97,60,77
1627,Catania,IT1,serie-a,1,0,0,0,1,0,0,0,0,0,0,99,103,63,74
1429,Cesena,IT1,serie-a,3,2,0,0,2,2,1,0,0,0,0,99,103,63,74
862,Chievo Verona,IT1,serie-a,2,4,0,0,2,3,0,1,0,0,0,99,103,63,74
993,Córdoba CF,ES1,laliga,6,3,0,0,6,3,0,0,0,0,0,99,103,63,74
4083,Crotone,IT1,serie-a,12,15,0,2,12,12,0,1,0,4500000,4500000,99,62,37,100
873,Crystal Palace,GB1,premier-league,6,12,0,0,6,10,0,2,0,0,0,99,103,63,74
2969,Dijon,FR1,ligue-1,2,4,0,1,2,2,0,1,0,10000000,10000000,99,42,25,112
16,Dortmund,L1,bundesliga,4,4,0,2,2,1,2,1,0,5500000,5500000,99,58,32,105
23,E. Braunschweig,L1,bundesliga,6,6,0,0,4,6,2,0,0,0,0,99,103,63,74
29,Everton,GB1,premier-league,13,13,0,2,11,8,2,3,0,11030000,11030000,99,40,20,117
4795,FC Ingolstadt,L1,bundesliga,1,4,0,0,1,3,0,1,0,0,0,99,103,63,74
931,Fulham,GB1,premier-league,7,8,0,1,5,7,2,0,0,17800000,17800000,99,28,14,123
3558,G. Ajaccio,FR1,ligue-1,1,1,0,0,0,1,1,0,0,0,0,99,103,63,74
855,Guingamp,FR1,ligue-1,8,10,0,1,5,9,3,0,0,400000,400000,99,98,61,76
41,Hamburger SV,L1,bundesliga,6,7,0,0,5,5,1,2,0,0,0,99,103,63,74
42,Hannover 96,L1,bundesliga,3,5,0,1,3,3,0,1,0,4000000,4000000,99,67,39,98
738,Le Havre AC,FR1,ligue-1,18,9,0,1,11,7,7,1,0,2000000,2000000,99,80,48,89
3368,Levante,ES1,laliga,6,10,0,2,6,6,0,2,0,4900000,4900000,99,60,36,101
1210,Livorno,IT1,serie-a,1,2,0,0,0,1,1,1,0,0,0,99,103,63,74
1084,Málaga CF,ES1,laliga,7,9,0,1,6,7,1,1,0,1000000,1000000,99,92,55,82
18,Mönchengladbach,L1,bundesliga,2,3,0,0,0,0,2,3,0,0,0,99,103,63,74
762,Newcastle,GB1,premier-league,8,13,0,1,6,8,2,4,0,6500000,6500000,99,51,31,106
1160,Nîmes Olympique,FR1,ligue-1,6,11,0,0,6,11,0,0,0,0,0,99,103,63,74
2921,Pescara,IT1,serie-a,5,7,0,2,3,5,2,0,0,1400000,1400000,99,89,52,85
1032,Reading,GB1,premier-league,6,7,0,2,5,5,1,0,0,2750000,2750000,99,72,45,92
150,Real Betis,ES1,laliga,10,9,0,3,5,3,5,3,0,12000000,12000000,99,36,19,118
2497,Real Oviedo,ES1,laliga,14,12,0,0,13,12,1,0,0,0,0,99,103,63,74
142,Real Zaragoza,ES1,laliga,6,9,0,0,6,9,0,0,0,0,0,99,103,63,74
595,SC Bastia,FR1,ligue-1,4,3,0,0,3,2,1,1,0,0,0,99,103,63,74
60,SC Freiburg,L1,bundesliga,4,4,0,0,3,4,1,0,0,0,0,99,103,63,74
1533,SD Eibar,ES1,laliga,11,5,0,0,11,5,0,0,0,0,0,99,103,63,74
1162,SM Caen,FR1,ligue-1,3,2,0,0,2,2,1,0,0,0,0,99,103,63,74
2448,Sporting Gijón,ES1,laliga,3,3,0,2,2,1,1,0,0,2880000,2880000,99,71,43,94
148,Tottenham,GB1,premier-league,12,19,0,4,11,13,1,2,0,49300000,49300000,99,6,4,133
1423,Valenciennes FC,FR1,ligue-1,12,13,0,1,8,9,4,3,0,5000000,5000000,99,59,35,102
984,West Brom,GB1,premier-league,4,6,0,1,3,4,1,1,0,590000,590000,99,96,57,80
1071,Wigan,GB1,premier-league,17,17,0,2,13,12,4,3,0,1440000,1440000,99,88,51,86
