from_competition_id,from_competition_name,to_competition_id,to_competition_name,transfer_count,known_fee_transfer_count,recorded_zero_fee_count,missing_or_undisclosed_fee_count,known_transfer_value_eur,average_known_fee_eur,route_frequency_rank
FR1,ligue-1,BE1,jupiler-pro-league,39,8,27,4,11450000,1431250,1
FR1,ligue-1,IT1,serie-a,28,6,22,0,21600000,3600000,2
GB1,premier-league,SC1,scottish-premiership,28,3,24,1,7010000,2336666.67,2
BE1,jupiler-pro-league,FR1,ligue-1,27,2,25,0,20000000,10000000,3
FR1,ligue-1,TR1,super-lig,25,2,16,7,5000000,2500000,4
L1,bundesliga,NL1,eredivisie,22,3,18,1,8300000,2766666.67,5
ES1,laliga,PO1,liga-portugal,22,2,19,1,350000,175000,5
SC1,scottish-premiership,GB1,premier-league,21,3,18,0,3543000,1181000,6
IT1,serie-a,ES1,laliga,21,7,14,0,100710000,14387142.86,6
IT1,serie-a,FR1,ligue-1,21,4,17,0,17950000,4487500,6
IT1,serie-a,TR1,super-lig,20,1,16,3,2300000,2300000,7
ES1,laliga,IT1,serie-a,19,3,16,0,5220000,1740000,8
BE1,jupiler-pro-league,GB1,premier-league,18,5,13,0,17800000,3560000,9
GB1,premier-league,IT1,serie-a,18,3,14,1,30600000,10200000,9
NL1,eredivisie,L1,bundesliga,16,1,15,0,750000,750000,10
FR1,ligue-1,ES1,laliga,16,3,13,0,11700000,3900000,10
GB1,premier-league,BE1,jupiler-pro-league,16,2,13,1,7500000,3750000,10
GB1,premier-league,TR1,super-lig,16,1,13,2,100000,100000,10
GB1,premier-league,ES1,laliga,15,3,12,0,7750000,2583333.33,11
ES1,laliga,FR1,ligue-1,14,3,11,0,15000000,5000000,12
FR1,ligue-1,GB1,premier-league,13,7,5,1,51500000,7357142.86,13
IT1,serie-a,GB1,premier-league,13,1,12,0,14000000,14000000,13
PO1,liga-portugal,ES1,laliga,12,2,10,0,18000000,9000000,14
IT1,serie-a,NL1,eredivisie,12,0,12,0,,,14
TR1,super-lig,IT1,serie-a,12,0,12,0,,,14
L1,bundesliga,TR1,super-lig,11,2,9,0,1150000,575000,15
NL1,eredivisie,FR1,ligue-1,11,3,7,1,19000000,6333333.33,15
NL1,eredivisie,IT1,serie-a,11,2,9,0,9900000,4950000,15
ES1,laliga,GR1,super-league-1,11,1,10,0,1460000,1460000,15
FR1,ligue-1,PO1,liga-portugal,11,0,9,2,,,15
FR1,ligue-1,GR1,super-league-1,11,0,10,1,,,15
GB1,premier-league,FR1,ligue-1,11,2,9,0,4030000,2015000,15
L1,bundesliga,BE1,jupiler-pro-league,10,3,7,0,6150000,2050000,16
ES1,laliga,GB1,premier-league,10,3,7,0,62300000,20766666.67,16
ES1,laliga,TR1,super-lig,10,3,7,0,4750000,1583333.33,16
IT1,serie-a,BE1,jupiler-pro-league,10,3,7,0,3890000,1296666.67,16
BE1,jupiler-pro-league,IT1,serie-a,9,2,7,0,23100000,11550000,17
PO1,liga-portugal,FR1,ligue-1,9,2,6,1,6300000,3150000,17
GB1,premier-league,L1,bundesliga,9,2,7,0,2600000,1300000,17
GB1,premier-league,NL1,eredivisie,9,2,7,0,14800000,7400000,17
TR1,super-lig,GB1,premier-league,9,0,9,0,,,17
BE1,jupiler-pro-league,L1,bundesliga,8,1,7,0,500000,500000,18
L1,bundesliga,FR1,ligue-1,7,2,5,0,13600000,6800000,19
BE1,jupiler-pro-league,ES1,laliga,7,1,6,0,1000000,1000000,19
ES1,laliga,BE1,jupiler-pro-league,7,0,7,0,,,19
FR1,ligue-1,NL1,eredivisie,7,0,7,0,,,19
IT1,serie-a,GR1,super-league-1,7,1,6,0,2500000,2500000,19
TR1,super-lig,L1,bundesliga,7,3,4,0,8350000,2783333.33,19
DK1,superliga,L1,bundesliga,7,2,5,0,3150000,1575000,19
L1,bundesliga,DK1,superliga,6,0,5,1,,,20
NL1,eredivisie,GB1,premier-league,6,2,3,1,44000000,22000000,20
FR1,ligue-1,L1,bundesliga,6,2,4,0,5800000,2900000,20
FR1,ligue-1,C1,super-league,6,0,5,1,,,20
MLS1,major-league-soccer,ES1,laliga,6,2,4,0,5000000,2500000,20
GB1,premier-league,GR1,super-league-1,6,0,6,0,,,20
IT1,serie-a,L1,bundesliga,6,0,6,0,,,20
GR1,super-league-1,GB1,premier-league,6,1,5,0,4320000,4320000,20
TR1,super-lig,FR1,ligue-1,6,0,6,0,,,20
A1,bundesliga,L1,bundesliga,5,1,4,0,1000000,1000000,21
L1,bundesliga,GB1,premier-league,5,1,4,0,22000000,22000000,21
L1,bundesliga,IT1,serie-a,5,1,4,0,500000,500000,21
L1,bundesliga,GR1,super-league-1,5,1,4,0,1800000,1800000,21
BRA1,campeonato-brasileiro-serie-a,ES1,laliga,5,2,3,0,8500000,4250000,21
BRA1,campeonato-brasileiro-serie-a,FR1,ligue-1,5,2,3,0,13580000,6790000,21
PL1,pko-bp-ekstraklasa,L1,bundesliga,5,2,3,0,7500000,3750000,21
RU1,premier-liga,IT1,serie-a,5,3,2,0,9200000,3066666.67,21
C1,super-league,FR1,ligue-1,5,0,5,0,,,21
TR1,super-lig,ES1,laliga,5,1,4,0,500000,500000,21
KR1,supersport-hnl,IT1,serie-a,5,2,2,1,9000000,4500000,21
L1,bundesliga,PO1,liga-portugal,4,0,2,2,,,22
BRA1,campeonato-brasileiro-serie-a,IT1,serie-a,4,1,3,0,3280000,3280000,22
ES1,laliga,BRA1,campeonato-brasileiro-serie-a,4,1,3,0,3000000,3000000,22
ES1,laliga,NL1,eredivisie,4,0,4,0,,,22
PO1,liga-portugal,GB1,premier-league,4,1,3,0,2100000,2100000,22
GB1,premier-league,PO1,liga-portugal,4,0,4,0,,,22
SC1,scottish-premiership,FR1,ligue-1,4,1,3,0,1000000,1000000,22
IT1,serie-a,BRA1,campeonato-brasileiro-serie-a,4,1,3,0,800000,800000,22
IT1,serie-a,PO1,liga-portugal,4,0,3,1,,,22
IT1,serie-a,RU1,premier-liga,4,1,3,0,2000000,2000000,22
C1,super-league,L1,bundesliga,4,1,3,0,450000,450000,22
DK1,superliga,GB1,premier-league,4,1,3,0,2500000,2500000,22
L1,bundesliga,A1,bundesliga,3,0,3,0,,,23
A1,bundesliga,FR1,ligue-1,3,2,1,0,18000000,9000000,23
L1,bundesliga,PL1,pko-bp-ekstraklasa,3,1,2,0,1200000,1200000,23
A1,bundesliga,IT1,serie-a,3,1,2,0,1500000,1500000,23
L1,bundesliga,C1,super-league,3,0,3,0,,,23
BRA1,campeonato-brasileiro-serie-a,GB1,premier-league,3,1,2,0,16000000,16000000,23
NL1,eredivisie,ES1,laliga,3,0,3,0,,,23
ES1,laliga,MEX1,liga-mx-clausura,3,0,3,0,,,23
ES1,laliga,MLS1,major-league-soccer,3,0,3,0,,,23
FR1,ligue-1,A1,bundesliga,3,0,2,1,,,23
FR1,ligue-1,BRA1,campeonato-brasileiro-serie-a,3,1,2,0,400000,400000,23
FR1,ligue-1,KR1,supersport-hnl,3,1,1,1,1200000,1200000,23
MLS1,major-league-soccer,IT1,serie-a,3,1,2,0,6000000,6000000,23
GB1,premier-league,MLS1,major-league-soccer,3,0,3,0,,,23
GB1,premier-league,RU1,premier-liga,3,1,2,0,5000000,5000000,23
GB1,premier-league,DK1,superliga,3,0,2,1,,,23
UKR1,premier-liga,FR1,ligue-1,3,1,2,0,300000,300000,23
IT1,serie-a,A1,bundesliga,3,0,3,0,,,23
IT1,serie-a,DK1,superliga,3,0,3,0,,,23
C1,super-league,IT1,serie-a,3,0,3,0,,,23
GR1,super-league-1,L1,bundesliga,3,0,3,0,,,23
GR1,super-league-1,ES1,laliga,3,0,3,0,,,23
GR1,super-league-1,FR1,ligue-1,3,0,3,0,,,23
GR1,super-league-1,IT1,serie-a,3,1,2,0,250000,250000,23
SER1,super-liga-srbije,FR1,ligue-1,3,2,1,0,7700000,3850000,23
DK1,superliga,FR1,ligue-1,3,2,1,0,11500000,5750000,23
DK1,superliga,IT1,serie-a,3,1,2,0,900000,900000,23
KR1,supersport-hnl,L1,bundesliga,3,1,1,1,7500000,7500000,23
SE1,allsvenskan,L1,bundesliga,2,1,0,1,1200000,1200000,24
SE1,allsvenskan,GB1,premier-league,2,0,2,0,,,24
SE1,allsvenskan,IT1,serie-a,2,1,1,0,500000,500000,24
L1,bundesliga,ES1,laliga,2,1,1,0,1500000,1500000,24
TS1,chance-liga,IT1,serie-a,2,2,0,0,6000000,3000000,24
ES1,laliga,TS1,chance-liga,2,1,1,0,500000,500000,24
ES1,laliga,RU1,premier-liga,2,0,2,0,,,24
ES1,laliga,SA1,saudi-pro-league,2,0,2,0,,,24
MEX1,liga-mx-clausura,ES1,laliga,2,0,2,0,,,24
PO1,liga-portugal,IT1,serie-a,2,0,2,0,,,24
FR1,ligue-1,AUS1,a-league-men,2,0,2,0,,,24
FR1,ligue-1,MLS1,major-league-soccer,2,1,1,0,3270000,3270000,24
FR1,ligue-1,RU1,premier-liga,2,1,1,0,4100000,4100000,24
FR1,ligue-1,SC1,scottish-premiership,2,0,2,0,,,24
MLS1,major-league-soccer,FR1,ligue-1,2,1,1,0,1500000,1500000,24
MLS1,major-league-soccer,GB1,premier-league,2,0,2,0,,,24
GB1,premier-league,SE1,allsvenskan,2,0,2,0,,,24
GB1,premier-league,PL1,pko-bp-ekstraklasa,2,0,2,0,,,24
GB1,premier-league,SA1,saudi-pro-league,2,0,2,0,,,24
RU1,premier-liga,L1,bundesliga,2,0,2,0,,,24
RU1,premier-liga,FR1,ligue-1,2,1,1,0,3500000,3500000,24
RU1,premier-liga,GB1,premier-league,2,0,2,0,,,24
IT1,serie-a,NO1,eliteserien,2,1,0,1,650000,650000,24
IT1,serie-a,C1,super-league,2,0,1,1,,,24
IT1,serie-a,SER1,super-liga-srbije,2,0,1,1,,,24
IT1,serie-a,KR1,supersport-hnl,2,0,2,0,,,24
KR1,supersport-hnl,FR1,ligue-1,2,1,1,0,1000000,1000000,24
ARG1,torneo-apertura,IT1,serie-a,2,0,2,0,,,24
AUS1,a-league-men,FR1,ligue-1,1,0,1,0,,,25
SE1,allsvenskan,FR1,ligue-1,1,0,1,0,,,25
L1,bundesliga,NO1,eliteserien,1,0,1,0,,,25
L1,bundesliga,MEX1,liga-mx-clausura,1,1,0,0,900000,900000,25
A1,bundesliga,GB1,premier-league,1,0,1,0,,,25
L1,bundesliga,UKR1,premier-liga,1,0,1,0,,,25
L1,bundesliga,RU1,premier-liga,1,0,1,0,,,25
L1,bundesliga,SA1,saudi-pro-league,1,0,1,0,,,25
L1,bundesliga,KR1,supersport-hnl,1,0,1,0,,,25
TS1,chance-liga,ES1,laliga,1,0,1,0,,,25
NO1,eliteserien,FR1,ligue-1,1,1,0,0,4000000,4000000,25
JAP1,j1-league,GB1,premier-league,1,0,0,1,,,25
ES1,laliga,C1,super-league,1,0,1,0,,,25
ES1,laliga,KR1,supersport-hnl,1,0,1,0,,,25
ES1,laliga,COL1,,1,0,1,0,,,25
PO1,liga-portugal,L1,bundesliga,1,1,0,0,300000,300000,25
FR1,ligue-1,PL1,pko-bp-ekstraklasa,1,0,1,0,,,25
FR1,ligue-1,UKR1,premier-liga,1,0,1,0,,,25
FR1,ligue-1,SA1,saudi-pro-league,1,0,1,0,,,25
FR1,ligue-1,SER1,super-liga-srbije,1,0,1,0,,,25
FR1,ligue-1,DK1,superliga,1,0,1,0,,,25
PL1,pko-bp-ekstraklasa,FR1,ligue-1,1,1,0,0,1500000,1500000,25
PL1,pko-bp-ekstraklasa,IT1,serie-a,1,1,0,0,300000,300000,25
GB1,premier-league,A1,bundesliga,1,0,1,0,,,25
GB1,premier-league,BRA1,campeonato-brasileiro-serie-a,1,0,1,0,,,25
GB1,premier-league,RSK1,k-league-1,1,1,0,0,1600000,1600000,25
GB1,premier-league,C1,super-league,1,0,1,0,,,25
GB1,premier-league,KR1,supersport-hnl,1,0,1,0,,,25
UKR1,premier-liga,L1,bundesliga,1,0,1,0,,,25
RU1,premier-liga,ES1,laliga,1,0,1,0,,,25
UKR1,premier-liga,IT1,serie-a,1,1,0,0,600000,600000,25
SA1,saudi-pro-league,ES1,laliga,1,0,1,0,,,25
SA1,saudi-pro-league,GB1,premier-league,1,0,1,0,,,25
IT1,serie-a,AUS1,a-league-men,1,0,1,0,,,25
IT1,serie-a,SE1,allsvenskan,1,0,1,0,,,25
IT1,serie-a,MLS1,major-league-soccer,1,0,1,0,,,25
IT1,serie-a,SA1,saudi-pro-league,1,1,0,0,2800000,2800000,25
IT1,serie-a,RO1,superliga,1,0,1,0,,,25
C1,super-league,GB1,premier-league,1,0,1,0,,,25
SER1,super-liga-srbije,IT1,serie-a,1,0,1,0,,,25
RO1,superliga,FR1,ligue-1,1,1,0,0,4000000,4000000,25
RO1,superliga,IT1,serie-a,1,0,1,0,,,25
KR1,supersport-hnl,ES1,laliga,1,0,1,0,,,25
KR1,supersport-hnl,GB1,premier-league,1,0,1,0,,,25