transfer_id,player_id,player_name,age_at_transfer,age_group,position,sub_position,transfer_date,transfer_season,from_club_name,from_competition_name,to_club_name,to_competition_name,transfer_fee,transfer_fee_status,pre_transfer_minutes,post_transfer_minutes,minutes_change,minutes_percentage_change,pre_transfer_goal_contributions_per_90,post_transfer_goal_contributions_per_90,goal_contributions_per_90_change,sporting_outcome_profile,improvement_rank,decline_rank
11465,23951,Steve Mandanda,37,32+,Goalkeeper,Goalkeeper,6/7/22,2022,Marseille,ligue-1,Stade Rennais,ligue-1,0,Recorded zero fee,810,3015,2205,272.22,0,0.03,0.03,Improved playing time,1,141
7661,370701,Michele Cerofolini,24,24-27,Goalkeeper,Goalkeeper,14/8/23,2023,Fiorentina,serie-a,Frosinone,serie-a,0,Recorded zero fee,450,675,225,50,0,0,0,Improved playing time,2,140
11432,7825,Pepe Reina,39,32+,Goalkeeper,Goalkeeper,8/7/22,2022,Lazio,serie-a,Villarreal,laliga,0,Recorded zero fee,1350,1980,630,46.67,0.067,0,-0.067,Improved playing time,3,139
14315,25508,Salvatore Sirigu,34,32+,Goalkeeper,Goalkeeper,3/8/21,2021,Torino,serie-a,Genoa,serie-a,0,Recorded zero fee,2880,3330,450,15.63,0,0,0,Improved playing time,4,138
11565,99254,Luigi Sepe,31,28-31,Goalkeeper,Goalkeeper,1/7/22,2022,Parma,serie-a,Salernitana,serie-a,0,Recorded zero fee,1394,1530,136,9.76,0,0,0,Improved playing time,5,137
14554,45026,Rui Patrício,33,32+,Goalkeeper,Goalkeeper,13/7/21,2021,Wolves,premier-league,Roma,serie-a,11800000,Positive known fee,3330,3420,90,2.7,0,0,0,Improved playing time,6,136
11616,179635,Philipp Förster,27,24-27,Midfield,Attacking Midfield,1/7/22,2022,VfB Stuttgart,bundesliga,VfL Bochum,bundesliga,500000,Positive known fee,971,1315,344,35.43,0.278,0.821,0.543,Improved minutes and productivity,7,135
14403,111630,Erik Lamela,29,28-31,Attack,Right Winger,26/7/21,2021,Tottenham,premier-league,Sevilla FC,laliga,0,Recorded zero fee,704,1015,311,44.18,0.128,0.621,0.493,Improved minutes and productivity,8,134
14740,112935,Mark Uth,29,28-31,Attack,Centre-Forward,1/7/21,2021,FC Schalke 04,bundesliga,1.FC Köln,bundesliga,0,Recorded zero fee,1497,2042,545,36.41,0.24,0.573,0.333,Improved minutes and productivity,9,133
10883,288318,Adrián Embarba,30,28-31,Attack,Right Winger,24/8/22,2022,Espanyol,laliga,UD Almería,laliga,1000000,Positive known fee,1998,1507,-491,-24.57,0.09,0.418,0.328,Improved productivity,10,132
14038,256429,Sergi Guardiola,30,28-31,Attack,Centre-Forward,31/8/21,2021,Real Valladolid,laliga,Rayo Vallecano,laliga,0,Recorded zero fee,1793,1714,-79,-4.41,0.201,0.525,0.324,Improved productivity,11,131
3400,562049,Edoardo Bove,22,21-23,Midfield,Central Midfield,30/8/24,2024,Roma,serie-a,Fiorentina,serie-a,0,Recorded zero fee,1777,856,-921,-51.83,0.101,0.421,0.32,Improved productivity,12,130
15065,630995,Rodri Sánchez,21,21-23,Attack,Right Winger,1/7/21,2021,Betis Deportivo,,Real Betis,laliga,,Missing or undisclosed fee,532,880,348,65.41,0,0.307,0.307,Improved minutes and productivity,13,129
7506,203842,Viktor Kovalenko,27,24-27,Midfield,Central Midfield,25/8/23,2023,Atalanta BC,serie-a,FC Empoli,serie-a,0,Recorded zero fee,547,606,59,10.79,0.165,0.446,0.281,Improved minutes and productivity,14,128
11481,309944,Tyronne Ebuehi,26,24-27,Defender,Right-Back,5/7/22,2022,Benfica B,,FC Empoli,serie-a,0,Recorded zero fee,1142,1928,786,68.83,0,0.28,0.28,Improved minutes and productivity,15,127
7624,232463,Luca Pfeiffer,26,24-27,Attack,Centre-Forward,17/8/23,2023,VfB Stuttgart,bundesliga,Darmstadt 98,bundesliga,0,Recorded zero fee,695,1626,931,133.96,0,0.277,0.277,Improved minutes and productivity,16,126
14749,131951,Kevin Lasagna,28,28-31,Attack,Centre-Forward,1/7/21,2021,Udinese Calcio,serie-a,Hellas Verona,serie-a,6500000,Positive known fee,2371,1173,-1198,-50.53,0.19,0.46,0.27,Improved productivity,17,125
14815,272261,Antonín Barák,26,24-27,Midfield,Attacking Midfield,1/7/21,2021,Udinese Calcio,serie-a,Hellas Verona,serie-a,6000000,Positive known fee,2772,2345,-427,-15.4,0.325,0.576,0.251,Improved productivity,18,124
4504,223725,Munir El Haddadi,28,28-31,Midfield,Attacking Midfield,1/7/24,2024,UD Las Palmas,laliga,Without Club,,,Missing or undisclosed fee,2469,855,-1614,-65.37,0.182,0.421,0.239,Improved productivity,19,123
8376,256429,Sergi Guardiola,32,32+,Attack,Centre-Forward,1/7/23,2023,Real Valladolid,laliga,Cádiz CF,laliga,1000000,Positive known fee,1675,465,-1210,-72.24,0.161,0.387,0.226,Improved productivity,20,122
8433,387234,Szymon Żurkowski,25,24-27,Midfield,Central Midfield,1/7/23,2023,Fiorentina,serie-a,Spezia Calcio,serie-a,3380000,Positive known fee,454,872,418,92.07,0.198,0.413,0.215,Improved minutes and productivity,21,121
4685,468002,Ben Johnson,24,24-27,Defender,Right-Back,1/7/24,2024,West Ham,premier-league,Ipswich,premier-league,0,Recorded zero fee,539,1349,810,150.28,0,0.2,0.2,Improved minutes and productivity,22,120
11519,216179,Stefano Sensi,26,24-27,Midfield,Central Midfield,2/7/22,2022,Inter,serie-a,Monza,serie-a,0,Recorded zero fee,917,1628,711,77.54,0.098,0.276,0.178,Improved minutes and productivity,23,119
14091,85383,Rubén Sobrino,29,28-31,Attack,Centre-Forward,30/8/21,2021,Valencia,laliga,Cádiz CF,laliga,,Missing or undisclosed fee,1159,1871,712,61.43,0.078,0.241,0.163,Improved minutes and productivity,24,118
14490,27389,Kévin Gameiro,34,32+,Attack,Centre-Forward,18/7/21,2021,Valencia,laliga,R. Strasbourg,ligue-1,0,Recorded zero fee,1068,2396,1328,124.34,0.421,0.563,0.142,Improved minutes and productivity,25,117
11402,197135,Joseba Zaldua,30,28-31,Defender,Right-Back,11/7/22,2022,Real Sociedad,laliga,Cádiz CF,laliga,0,Recorded zero fee,1172,639,-533,-45.48,0,0.141,0.141,Improved productivity,26,116
11724,364857,Falaye Sacko,27,24-27,Defender,Right-Back,1/7/22,2022,Vit. Guimarães,liga-portugal,Montpellier,ligue-1,0,Recorded zero fee,667,2579,1912,286.66,0,0.14,0.14,Improved minutes and productivity,27,115
7975,241076,Emmanuel Gyasi,29,28-31,Midfield,Right Midfield,21/7/23,2023,Spezia Calcio,serie-a,FC Empoli,serie-a,2000000,Positive known fee,2833,1874,-959,-33.85,0.064,0.192,0.128,Improved productivity,28,114
7305,284884,Óscar Rodríguez,25,24-27,Midfield,Attacking Midfield,1/9/23,2023,Sevilla FC,laliga,Getafe,laliga,0,Recorded zero fee,1768,964,-804,-45.48,0.153,0.28,0.127,Improved productivity,29,113
11468,332179,Matteo Pessina,25,24-27,Midfield,Central Midfield,6/7/22,2022,Atalanta,serie-a,Monza,serie-a,0,Recorded zero fee,1445,2939,1494,103.39,0.125,0.245,0.12,Improved minutes and productivity,30,112
8311,81999,Joselu,33,32+,Attack,Centre-Forward,1/7/23,2023,Espanyol,laliga,Real Madrid,laliga,0,Recorded zero fee,2989,1675,-1314,-43.96,0.542,0.645,0.103,Improved productivity,31,111
11615,178313,Jean-Eudes Aholou,28,28-31,Midfield,Defensive Midfield,1/7/22,2022,Monaco,ligue-1,R. Strasbourg,ligue-1,3000000,Positive known fee,1000,1301,301,30.1,0.18,0.277,0.097,Improved minutes and productivity,32,110
14023,146752,Gianluca Caprari,28,28-31,Attack,Second Striker,31/8/21,2021,Sampdoria,serie-a,Hellas Verona,serie-a,0,Recorded zero fee,1874,2754,880,46.96,0.528,0.621,0.093,Improved minutes and productivity,33,109
7279,39983,Leonardo Bonucci,36,32+,Defender,Centre-Back,1/9/23,2023,Juventus,serie-a,Union Berlin,bundesliga,0,Recorded zero fee,873,463,-410,-46.96,0.103,0.194,0.091,Improved productivity,34,108
11437,284884,Óscar Rodríguez,24,24-27,Midfield,Attacking Midfield,8/7/22,2022,Sevilla FC,laliga,Celta de Vigo,laliga,0,Recorded zero fee,1359,1768,409,30.1,0.066,0.153,0.087,Improved minutes and productivity,35,107
14705,25488,Antonio Candreva,34,32+,Midfield,Right Midfield,1/7/21,2021,Inter,serie-a,Sampdoria,serie-a,2500000,Positive known fee,2514,3132,618,24.58,0.465,0.546,0.081,Improved minutes and productivity,36,106
8244,351843,Yoann Salmier,30,28-31,Defender,Centre-Back,4/7/23,2023,Troyes,ligue-1,Le Havre AC,ligue-1,0,Recorded zero fee,2650,1569,-1081,-40.79,0.034,0.115,0.081,Improved productivity,36,106
3530,623521,Juanmi Latasa,23,21-23,Attack,Centre-Forward,14/8/24,2024,Real Madrid,laliga,Real Valladolid,laliga,2500000,Positive known fee,1553,1391,-162,-10.43,0.116,0.194,0.078,Improved productivity,37,105
10681,32113,Armando Izzo,30,28-31,Defender,Centre-Back,1/9/22,2022,Torino,serie-a,Monza,serie-a,0,Recorded zero fee,526,2476,1950,370.72,0,0.073,0.073,Improved minutes and productivity,38,104
11285,335147,Junior Sambia,25,24-27,Defender,Right-Back,19/7/22,2022,Montpellier,ligue-1,Salernitana,serie-a,0,Recorded zero fee,1528,690,-838,-54.84,0.059,0.13,0.071,Improved productivity,39,103
14469,61842,Andros Townsend,30,28-31,Attack,Right Winger,20/7/21,2021,Crystal Palace,premier-league,Everton,premier-league,0,Recorded zero fee,2259,1458,-801,-35.46,0.239,0.309,0.07,Improved productivity,40,102
8032,42412,Jonny Evans,35,32+,Defender,Centre-Back,18/7/23,2023,Leicester,premier-league,Man Utd,premier-league,0,Recorded zero fee,1053,1396,343,32.57,0,0.064,0.064,Improved minutes and productivity,41,101
3543,284884,Óscar Rodríguez,26,24-27,Midfield,Attacking Midfield,12/8/24,2024,Sevilla FC,laliga,CD Leganés,laliga,0,Recorded zero fee,964,1323,359,37.24,0.28,0.34,0.06,Improved minutes and productivity,42,100
14354,459655,Matteo Lovato,21,21-23,Defender,Centre-Back,31/7/21,2021,Hellas Verona,serie-a,Atalanta BC,serie-a,7200000,Positive known fee,1382,1544,162,11.72,0,0.058,0.058,Improved minutes and productivity,43,99
10976,66934,Cheikhou Kouyaté,32,32+,Midfield,Defensive Midfield,13/8/22,2022,Crystal Palace,premier-league,Nottm Forest,premier-league,0,Recorded zero fee,1978,878,-1100,-55.61,0.046,0.103,0.057,Improved productivity,44,98
4021,461833,Caleb Okoli,22,21-23,Defender,Centre-Back,9/7/24,2024,Atalanta BC,serie-a,Leicester,premier-league,14000000,Positive known fee,2915,1124,-1791,-61.44,0.031,0.08,0.049,Improved productivity,45,97
11041,307519,Fede San Emeterio,25,24-27,Midfield,Central Midfield,7/8/22,2022,Real Valladolid,laliga,Cádiz CF,laliga,0,Recorded zero fee,836,1855,1019,121.89,0,0.049,0.049,Improved minutes and productivity,45,97
11741,388363,Maximilian Bauer,22,21-23,Defender,Centre-Back,1/7/22,2022,Greuther Fürth,bundesliga,Augsburg,bundesliga,0,Recorded zero fee,1686,1845,159,9.43,0,0.049,0.049,Improved minutes and productivity,45,97
14043,315125,Javairô Dilrosun,23,21-23,Attack,Right Winger,31/8/21,2021,Hertha BSC,bundesliga,G. Bordeaux,ligue-1,0,Recorded zero fee,530,1872,1342,253.21,0.34,0.385,0.045,Improved minutes and productivity,46,96
7487,399543,Rémi Oudin,26,24-27,Midfield,Attacking Midfield,28/8/23,2023,G. Bordeaux,ligue-1,Lecce,serie-a,1000000,Positive known fee,1316,1828,512,38.91,0.205,0.246,0.041,Improved minutes and productivity,47,95
7313,344605,Boubakary Soumaré,24,24-27,Midfield,Defensive Midfield,1/9/23,2023,Leicester,premier-league,Sevilla FC,laliga,0,Recorded zero fee,1634,2287,653,39.96,0,0.039,0.039,Improved minutes and productivity,48,94
8015,66100,Oriol Romeu,31,28-31,Midfield,Defensive Midfield,19/7/23,2023,Girona,laliga,Barcelona,laliga,3400000,Positive known fee,3027,930,-2097,-69.28,0.059,0.097,0.038,Improved productivity,49,93
14685,344605,Boubakary Soumaré,22,21-23,Midfield,Defensive Midfield,2/7/21,2021,LOSC Lille,ligue-1,Leicester,premier-league,20000000,Positive known fee,1915,1100,-815,-42.56,0.047,0.082,0.035,Improved productivity,50,92
14229,164770,Raphaël Varane,28,28-31,Defender,Centre-Back,14/8/21,2021,Real Madrid,laliga,Man Utd,premier-league,40000000,Positive known fee,2716,1829,-887,-32.66,0.066,0.098,0.032,Improved productivity,51,91
7325,461833,Caleb Okoli,22,21-23,Defender,Centre-Back,1/9/23,2023,Atalanta BC,serie-a,Frosinone,serie-a,0,Recorded zero fee,953,2915,1962,205.88,0,0.031,0.031,Improved minutes and productivity,52,90
14750,135492,Youssouf Sabaly,28,28-31,Defender,Right-Back,1/7/21,2021,G. Bordeaux,ligue-1,Real Betis,laliga,0,Recorded zero fee,2915,789,-2126,-72.93,0.093,0.114,0.021,Improved productivity,53,89
14505,178313,Jean-Eudes Aholou,27,24-27,Midfield,Defensive Midfield,16/7/21,2021,Monaco,ligue-1,R. Strasbourg,ligue-1,0,Recorded zero fee,2235,1000,-1235,-55.26,0.161,0.18,0.019,Improved productivity,54,88
11862,570817,Maxime Busi,22,21-23,Defender,Right-Back,1/7/22,2022,Parma,serie-a,Stade Reims,ligue-1,2000000,Positive known fee,1297,1042,-255,-19.66,0.069,0.086,0.017,Improved productivity,55,87
7984,649452,Issa Kaboré,22,21-23,Defender,Right-Back,21/7/23,2023,Man City,premier-league,Luton,premier-league,0,Recorded zero fee,1020,1732,712,69.8,0.088,0.104,0.016,Improved minutes and productivity,56,86
8428,369267,Maximiliano Caufriez,26,24-27,Defender,Centre-Back,1/7/23,2023,Spartak Moscow,premier-liga,Clermont Foot,ligue-1,3500000,Positive known fee,2224,1665,-559,-25.13,0.04,0.054,0.014,Improved productivity,57,85
14028,181378,Gaëtan Laborde,27,24-27,Attack,Centre-Forward,31/8/21,2021,Montpellier,ligue-1,Stade Rennais,ligue-1,15000000,Positive known fee,3270,3086,-184,-5.63,0.661,0.671,0.01,Improved productivity,58,84
10952,649452,Issa Kaboré,21,21-23,Defender,Right-Back,17/8/22,2022,Man City,premier-league,Marseille,ligue-1,0,Recorded zero fee,2260,1020,-1240,-54.87,0.08,0.088,0.008,Improved productivity,59,83
8406,332179,Matteo Pessina,26,24-27,Midfield,Central Midfield,1/7/23,2023,Atalanta,serie-a,Monza,serie-a,12000000,Positive known fee,2939,3229,290,9.87,0.245,0.251,0.006,Improved minutes and productivity,60,82
11745,395083,Andreaw Gravillon,24,24-27,Defender,Centre-Back,1/7/22,2022,Inter,serie-a,Stade Reims,ligue-1,3000000,Positive known fee,2141,1353,-788,-36.81,0,0,0,Reduced playing time,61,81
7290,170544,Christophe Hérelle,31,28-31,Defender,Centre-Back,1/9/23,2023,Stade Brestois,ligue-1,FC Metz,ligue-1,,Missing or undisclosed fee,1059,1620,561,52.97,0,0,0,Improved playing time,61,81
14839,310458,Giangiacomo Magnani,25,24-27,Defender,Centre-Back,1/7/21,2021,Sassuolo,serie-a,Hellas Verona,serie-a,4000000,Positive known fee,1510,764,-746,-49.4,0,0,0,Reduced playing time,61,81
7703,442805,Iddrisu Baba,27,24-27,Midfield,Central Midfield,10/8/23,2023,RCD Mallorca,laliga,UD Almería,laliga,0,Recorded zero fee,1748,1424,-324,-18.54,0,0,0,Reduced playing time,61,81
10694,163744,Jack Stephens,28,28-31,Defender,Centre-Back,1/9/22,2022,Southampton,premier-league,Bournemouth,premier-league,0,Recorded zero fee,811,1218,407,50.18,0,0,0,Improved playing time,61,81
7842,286779,Jorge Meré,26,24-27,Defender,Centre-Back,31/7/23,2023,América,liga-mx-clausura,Cádiz CF,laliga,0,Recorded zero fee,598,676,78,13.04,0,0,0,Improved playing time,61,81
7410,505194,Luke Thomas,22,21-23,Defender,Left-Back,31/8/23,2023,Leicester,premier-league,Sheff Utd,premier-league,0,Recorded zero fee,1071,919,-152,-14.19,0,0,0,Reduced playing time,61,81
14021,124715,Nikola Maksimović,29,28-31,Defender,Centre-Back,31/8/21,2021,SSC Napoli,serie-a,Genoa,serie-a,0,Recorded zero fee,1206,1116,-90,-7.46,0,0,0,Reduced playing time,61,81
3504,406638,Oliver Skipp,23,21-23,Midfield,Defensive Midfield,19/8/24,2024,Tottenham,premier-league,Leicester,premier-league,23500000,Positive known fee,694,1122,428,61.67,0,0,0,Improved playing time,61,81
8289,25488,Antonio Candreva,36,32+,Midfield,Right Midfield,1/7/23,2023,Sampdoria,serie-a,Salernitana,serie-a,500000,Positive known fee,2734,2757,23,0.84,0.395,0.392,-0.003,Reduced productivity,62,80
11554,81999,Joselu,32,32+,Attack,Centre-Forward,1/7/22,2022,Alavés,laliga,Espanyol,laliga,0,Recorded zero fee,3126,2989,-137,-4.38,0.547,0.542,-0.005,Declined minutes and productivity,63,79
7707,527698,Kike Pérez,26,24-27,Midfield,Central Midfield,10/8/23,2023,Real Valladolid,laliga,Rayo Vallecano,laliga,0,Recorded zero fee,2316,817,-1499,-64.72,0.117,0.11,-0.007,Declined minutes and productivity,64,78
3325,164771,Jordan Veretout,31,28-31,Midfield,Central Midfield,4/9/24,2024,Marseille,ligue-1,Lyon,ligue-1,4000000,Positive known fee,2184,1554,-630,-28.85,0.124,0.116,-0.008,Declined minutes and productivity,65,77
11223,74810,Ben Mee,32,32+,Defender,Centre-Back,22/7/22,2022,Burnley,premier-league,Brentford,premier-league,0,Recorded zero fee,1840,3272,1432,77.83,0.147,0.138,-0.009,Reduced productivity,66,76
14744,121477,Craig Dawson,31,28-31,Defender,Centre-Back,1/7/21,2021,Watford,premier-league,West Ham,premier-league,2300000,Positive known fee,1926,2754,828,42.99,0.14,0.131,-0.009,Reduced productivity,66,76
14275,279009,Marco Richter,23,21-23,Midfield,Attacking Midfield,9/8/21,2021,Augsburg,bundesliga,Hertha BSC,bundesliga,7100000,Positive known fee,1420,1711,291,20.49,0.38,0.368,-0.012,Reduced productivity,67,75
14175,130365,Alessandro Florenzi,30,28-31,Defender,Right-Back,21/8/21,2021,AS Roma,serie-a,AC Milan,serie-a,0,Recorded zero fee,1542,1151,-391,-25.36,0.175,0.156,-0.019,Declined minutes and productivity,68,74
11034,128901,Conor Coady,29,28-31,Defender,Centre-Back,8/8/22,2022,Wolves,premier-league,Everton,premier-league,0,Recorded zero fee,3363,2095,-1268,-37.7,0.107,0.086,-0.021,Declined minutes and productivity,69,73
13987,26485,Jérôme Boateng,32,32+,Defender,Centre-Back,1/9/21,2021,Bayern Munich,bundesliga,Olympique Lyon,ligue-1,0,Recorded zero fee,2378,1626,-752,-31.62,0.076,0.055,-0.021,Declined minutes and productivity,69,73
11712,352392,Lucas Perrin,23,21-23,Defender,Centre-Back,1/7/22,2022,Marseille,ligue-1,R. Strasbourg,ligue-1,1500000,Positive known fee,2508,1761,-747,-29.78,0.072,0.051,-0.021,Declined minutes and productivity,69,73
14761,159844,Christopher Lenz,26,24-27,Defender,Left-Back,1/7/21,2021,Union Berlin,bundesliga,Frankfurt,bundesliga,0,Recorded zero fee,2259,659,-1600,-70.83,0.159,0.137,-0.022,Declined minutes and productivity,70,72
14182,319160,Jakub Jankto,25,24-27,Midfield,Left Midfield,20/8/21,2021,Sampdoria,serie-a,Getafe,laliga,5160000,Positive known fee,2421,583,-1838,-75.92,0.335,0.309,-0.026,Declined minutes and productivity,71,71
11657,247250,Rubén Alcaraz,31,28-31,Midfield,Central Midfield,1/7/22,2022,Real Valladolid,laliga,Cádiz CF,laliga,1000000,Positive known fee,1105,2049,944,85.43,0.163,0.132,-0.031,Reduced productivity,72,70
10982,199258,Andrea Petagna,27,24-27,Attack,Centre-Forward,12/8/22,2022,Napoli,serie-a,Monza,serie-a,0,Recorded zero fee,574,1668,1094,190.59,0.627,0.594,-0.033,Reduced productivity,73,69
11696,327863,Akim Zedadka,27,24-27,Defender,Right-Back,1/7/22,2022,Clermont Foot,ligue-1,Lille,ligue-1,0,Recorded zero fee,3338,1951,-1387,-41.55,0.081,0.046,-0.035,Declined minutes and productivity,74,68
4414,143559,Matija Nastasić,31,28-31,Defender,Centre-Back,1/7/24,2024,RCD Mallorca,laliga,Without Club,,,Missing or undisclosed fee,2257,2112,-145,-6.42,0.08,0.043,-0.037,Declined minutes and productivity,75,67
8093,14086,Ashley Young,38,32+,Defender,Right-Back,13/7/23,2023,Aston Villa,premier-league,Everton,premier-league,0,Recorded zero fee,2038,2290,252,12.37,0.044,0,-0.044,Reduced productivity,76,66
11586,127032,Serge Aurier,29,28-31,Defender,Right-Back,1/7/22,2022,Villarreal,laliga,Without Club,,,Missing or undisclosed fee,1003,1949,946,94.32,0.09,0.046,-0.044,Reduced productivity,76,66
10632,127032,Serge Aurier,29,28-31,Defender,Right-Back,7/9/22,2022,Without Club,,Nottm Forest,premier-league,,Missing or undisclosed fee,1003,1949,946,94.32,0.09,0.046,-0.044,Reduced productivity,76,66
14306,134294,Danny Ings,29,28-31,Attack,Centre-Forward,4/8/21,2021,Southampton,premier-league,Aston Villa,premier-league,29400000,Positive known fee,2185,1905,-280,-12.81,0.659,0.614,-0.045,Declined minutes and productivity,77,65
14746,126673,Adama Soumaoro,29,28-31,Defender,Centre-Back,1/7/21,2021,LOSC Lille,ligue-1,Bologna,serie-a,2100000,Positive known fee,1898,2267,369,19.44,0.047,0,-0.047,Reduced productivity,78,64
14356,297645,Riccardo Marchizza,23,21-23,Defender,Left-Back,30/7/21,2021,Sassuolo,serie-a,FC Empoli,serie-a,0,Recorded zero fee,1560,1351,-209,-13.4,0.115,0.067,-0.048,Declined minutes and productivity,79,63
8224,82503,Aridane Hernández,34,32+,Defender,Centre-Back,5/7/23,2023,CA Osasuna,laliga,Rayo Vallecano,laliga,0,Recorded zero fee,1790,1691,-99,-5.53,0.05,0,-0.05,Declined minutes and productivity,80,62
14119,111347,Lorenzo Tonelli,31,28-31,Defender,Centre-Back,27/8/21,2021,Sampdoria,serie-a,FC Empoli,serie-a,2400000,Positive known fee,1785,868,-917,-51.37,0.05,0,-0.05,Declined minutes and productivity,80,62
11548,60542,Maxime Gonalons,33,32+,Midfield,Defensive Midfield,1/7/22,2022,Granada CF,laliga,Clermont Foot,ligue-1,0,Recorded zero fee,1556,1460,-96,-6.17,0.116,0.062,-0.054,Declined minutes and productivity,81,61
14148,481084,Marcos André,24,24-27,Attack,Centre-Forward,25/8/21,2021,Real Valladolid,laliga,Valencia,laliga,8500000,Positive known fee,1170,889,-281,-24.02,0.462,0.405,-0.057,Declined minutes and productivity,82,60
7704,468066,Jens Cajuste,24,24-27,Midfield,Defensive Midfield,10/8/23,2023,Stade Reims,ligue-1,Napoli,serie-a,11500000,Positive known fee,1527,1010,-517,-33.86,0.236,0.178,-0.058,Declined minutes and productivity,83,59
11470,459655,Matteo Lovato,22,21-23,Defender,Centre-Back,6/7/22,2022,Atalanta BC,serie-a,Salernitana,serie-a,7000000,Positive known fee,1544,808,-736,-47.67,0.058,0,-0.058,Declined minutes and productivity,83,59
10683,66100,Oriol Romeu,30,28-31,Midfield,Defensive Midfield,1/9/22,2022,Southampton,premier-league,Girona,laliga,5500000,Positive known fee,2899,3027,128,4.42,0.124,0.059,-0.065,Reduced productivity,84,58
11315,197470,Mattia Caldara,28,28-31,Defender,Centre-Back,17/7/22,2022,AC Milan,serie-a,Spezia Calcio,serie-a,0,Recorded zero fee,2703,1251,-1452,-53.72,0.067,0,-0.067,Declined minutes and productivity,85,57
7304,277635,Rominigue Kouamé,26,24-27,Midfield,Central Midfield,1/9/23,2023,Troyes,ligue-1,Cádiz CF,laliga,2500000,Positive known fee,2669,832,-1837,-68.83,0.067,0,-0.067,Declined minutes and productivity,85,57
3647,288318,Adrián Embarba,32,32+,Attack,Right Winger,26/7/24,2024,UD Almería,laliga,Rayo Vallecano,laliga,0,Recorded zero fee,2485,1607,-878,-35.33,0.181,0.112,-0.069,Declined minutes and productivity,86,56
10688,124732,John Brooks,29,28-31,Defender,Centre-Back,1/9/22,2022,VfL Wolfsburg,bundesliga,Benfica,liga-portugal,0,Recorded zero fee,2617,1350,-1267,-48.41,0.069,0,-0.069,Declined minutes and productivity,86,56
10774,223725,Munir El Haddadi,26,24-27,Midfield,Attacking Midfield,31/8/22,2022,Sevilla FC,laliga,Getafe,laliga,0,Recorded zero fee,468,1147,679,145.09,0.385,0.314,-0.071,Reduced productivity,87,55
8222,32113,Armando Izzo,31,28-31,Defender,Centre-Back,5/7/23,2023,Torino,serie-a,Monza,serie-a,3000000,Positive known fee,2476,1652,-824,-33.28,0.073,0,-0.073,Declined minutes and productivity,88,54
10856,623040,Yayah Kallon,21,21-23,Attack,Right Winger,26/8/22,2022,Genoa,serie-a,Hellas Verona,serie-a,0,Recorded zero fee,632,851,219,34.65,0.285,0.212,-0.073,Reduced productivity,88,54
8426,364857,Falaye Sacko,28,28-31,Defender,Right-Back,1/7/23,2023,Vit. Guimarães,liga-portugal,Montpellier,ligue-1,1300000,Positive known fee,2579,1380,-1199,-46.49,0.14,0.065,-0.075,Declined minutes and productivity,89,53
10697,181378,Gaëtan Laborde,28,28-31,Attack,Centre-Forward,1/9/22,2022,Stade Rennais,ligue-1,OGC Nice,ligue-1,15000000,Positive known fee,3086,2762,-324,-10.5,0.671,0.587,-0.084,Declined minutes and productivity,90,52
3506,468066,Jens Cajuste,25,24-27,Midfield,Defensive Midfield,19/8/24,2024,Napoli,serie-a,Ipswich,premier-league,0,Recorded zero fee,1010,1978,968,95.84,0.178,0.091,-0.087,Reduced productivity,91,51
11022,266795,Gonzalo Escalante,29,28-31,Midfield,Central Midfield,9/8/22,2022,Lazio,serie-a,Cremonese,serie-a,0,Recorded zero fee,1314,1682,368,28.01,0.411,0.321,-0.09,Reduced productivity,92,50
11639,206912,Jimmy Cabot,28,28-31,Midfield,Right Midfield,1/7/22,2022,Angers SCO,ligue-1,Lens,ligue-1,2000000,Positive known fee,2012,507,-1505,-74.8,0.268,0.178,-0.09,Declined minutes and productivity,92,50
10819,274484,Youssouf Koné,27,24-27,Defender,Left-Back,30/8/22,2022,Olympique Lyon,ligue-1,AC Ajaccio,ligue-1,0,Recorded zero fee,977,922,-55,-5.63,0.092,0,-0.092,Declined minutes and productivity,93,49
4384,118850,Ivan Ordets,31,28-31,Defender,Centre-Back,1/7/24,2024,Dynamo Moscow,premier-liga,VfL Bochum,bundesliga,0,Recorded zero fee,1878,1865,-13,-0.69,0.096,0,-0.096,Declined minutes and productivity,94,48
4791,603940,Marvin Park,23,21-23,Defender,Right-Back,1/7/24,2024,RM Castilla,,UD Las Palmas,laliga,2000000,Positive known fee,1854,1029,-825,-44.5,0.097,0,-0.097,Declined minutes and productivity,95,47
3584,66100,Oriol Romeu,32,32+,Midfield,Defensive Midfield,5/8/24,2024,Barcelona,laliga,Girona,laliga,0,Recorded zero fee,930,1359,429,46.13,0.097,0,-0.097,Reduced productivity,95,47
10818,249126,Harry Winks,26,24-27,Midfield,Defensive Midfield,30/8/22,2022,Tottenham,premier-league,Sampdoria,serie-a,0,Recorded zero fee,907,1719,812,89.53,0.099,0,-0.099,Reduced productivity,96,46
14015,73185,Lucas Pérez,32,32+,Attack,Centre-Forward,31/8/21,2021,Alavés,laliga,Elche CF,laliga,0,Recorded zero fee,1768,2340,572,32.35,0.407,0.308,-0.099,Reduced productivity,96,46
8313,84765,Francesco Caputo,35,32+,Attack,Centre-Forward,1/7/23,2023,Sampdoria,serie-a,FC Empoli,serie-a,1500000,Positive known fee,2822,1274,-1548,-54.85,0.319,0.212,-0.107,Declined minutes and productivity,97,45
7287,148368,Divock Origi,28,28-31,Attack,Centre-Forward,1/9/23,2023,AC Milan,serie-a,Nottm Forest,premier-league,0,Recorded zero fee,1018,600,-418,-41.06,0.265,0.15,-0.115,Declined minutes and productivity,98,44
14545,395083,Andreaw Gravillon,23,21-23,Defender,Centre-Back,14/7/21,2021,Inter,serie-a,Stade Reims,ligue-1,0,Recorded zero fee,2274,2141,-133,-5.85,0.119,0,-0.119,Declined minutes and productivity,99,43
3970,533662,Cameron Archer,22,21-23,Attack,Centre-Forward,11/7/24,2024,Sheff Utd,premier-league,Aston Villa,premier-league,16650000,Positive known fee,1840,1433,-407,-22.12,0.245,0.126,-0.119,Declined minutes and productivity,99,43
3520,533662,Cameron Archer,22,21-23,Attack,Centre-Forward,16/8/24,2024,Aston Villa,premier-league,Southampton,premier-league,17600000,Positive known fee,1840,1433,-407,-22.12,0.245,0.126,-0.119,Declined minutes and productivity,99,43
11568,103565,Wahbi Khazri,31,28-31,Attack,Left Winger,1/7/22,2022,Saint-Étienne,ligue-1,Montpellier,ligue-1,0,Recorded zero fee,2238,1642,-596,-26.63,0.402,0.274,-0.128,Declined minutes and productivity,100,42
11757,406806,Emil Bohinen,23,21-23,Midfield,Defensive Midfield,1/7/22,2022,CSKA Moscow,premier-liga,Salernitana,serie-a,3850000,Positive known fee,699,825,126,18.03,0.129,0,-0.129,Reduced productivity,101,41
4093,199704,Yunis Abdelhamid,36,32+,Defender,Centre-Back,5/7/24,2024,Stade Reims,ligue-1,Saint-Étienne,ligue-1,0,Recorded zero fee,2782,1003,-1779,-63.95,0.129,0,-0.129,Declined minutes and productivity,101,41
7855,223725,Munir El Haddadi,27,24-27,Midfield,Attacking Midfield,30/7/23,2023,Getafe,laliga,UD Las Palmas,laliga,0,Recorded zero fee,1147,2469,1322,115.26,0.314,0.182,-0.132,Reduced productivity,102,40
8040,284595,Tommaso Augello,28,28-31,Defender,Left-Back,18/7/23,2023,Sampdoria,serie-a,Cagliari,serie-a,2400000,Positive known fee,3065,2431,-634,-20.69,0.206,0.074,-0.132,Declined minutes and productivity,102,40
14095,182618,Tiemoué Bakayoko,27,24-27,Midfield,Defensive Midfield,30/8/21,2021,Chelsea,premier-league,AC Milan,serie-a,0,Recorded zero fee,1972,494,-1478,-74.95,0.137,0,-0.137,Declined minutes and productivity,103,39
10693,162056,Gonzalo Melero,28,28-31,Midfield,Central Midfield,1/9/22,2022,Levante,laliga,UD Almería,laliga,1900000,Positive known fee,1707,1877,170,9.96,0.475,0.336,-0.139,Reduced productivity,104,38
10979,25488,Antonio Candreva,35,32+,Midfield,Right Midfield,12/8/22,2022,Sampdoria,serie-a,Salernitana,serie-a,0,Recorded zero fee,3132,2734,-398,-12.71,0.546,0.395,-0.151,Declined minutes and productivity,105,37
3648,392959,Andrea Colpani,25,24-27,Midfield,Attacking Midfield,26/7/24,2024,Monza,serie-a,Fiorentina,serie-a,0,Recorded zero fee,2680,1458,-1222,-45.6,0.403,0.247,-0.156,Declined minutes and productivity,106,36
10959,353796,Giulio Maggiore,24,24-27,Midfield,Central Midfield,16/8/22,2022,Spezia Calcio,serie-a,Salernitana,serie-a,3500000,Positive known fee,2833,895,-1938,-68.41,0.159,0,-0.159,Declined minutes and productivity,107,35
8385,266795,Gonzalo Escalante,30,28-31,Midfield,Central Midfield,1/7/23,2023,Lazio,serie-a,Cádiz CF,laliga,2500000,Positive known fee,1682,1691,9,0.54,0.321,0.16,-0.161,Reduced productivity,108,34
10597,162038,Raúl de Tomás,27,24-27,Attack,Centre-Forward,13/9/22,2022,Espanyol,laliga,Rayo Vallecano,laliga,11000000,Positive known fee,2928,804,-2124,-72.54,0.615,0.448,-0.167,Declined minutes and productivity,109,33
14701,14086,Ashley Young,35,32+,Defender,Right-Back,1/7/21,2021,Inter,serie-a,Aston Villa,premier-league,0,Recorded zero fee,1423,1238,-185,-13,0.316,0.145,-0.171,Declined minutes and productivity,110,32
8060,489611,Filippo Ranocchia,22,21-23,Midfield,Central Midfield,17/7/23,2023,Juventus,serie-a,FC Empoli,serie-a,0,Recorded zero fee,527,477,-50,-9.49,0.171,0,-0.171,Declined minutes and productivity,110,32
3323,39728,Mats Hummels,35,32+,Defender,Centre-Back,4/9/24,2024,Without Club,,Roma,serie-a,,Missing or undisclosed fee,1582,918,-664,-41.97,0.171,0,-0.171,Declined minutes and productivity,110,32
4240,39728,Mats Hummels,35,32+,Defender,Centre-Back,1/7/24,2024,Dortmund,bundesliga,Without Club,,,Missing or undisclosed fee,1582,918,-664,-41.97,0.171,0,-0.171,Declined minutes and productivity,110,32
11110,203842,Viktor Kovalenko,26,24-27,Midfield,Central Midfield,2/8/22,2022,Atalanta BC,serie-a,Spezia Calcio,serie-a,0,Recorded zero fee,1324,547,-777,-58.69,0.34,0.165,-0.175,Declined minutes and productivity,111,31
14938,471474,Javi Martínez,21,21-23,Midfield,Attacking Midfield,1/7/21,2021,Osasuna B,,CA Osasuna,laliga,,Missing or undisclosed fee,461,870,409,88.72,0.39,0.207,-0.183,Reduced productivity,112,30
3665,298477,Oli McBurnie,28,28-31,Attack,Centre-Forward,25/7/24,2024,Sheff Utd,premier-league,UD Las Palmas,laliga,0,Recorded zero fee,1285,1839,554,43.11,0.63,0.44,-0.19,Reduced productivity,113,29
14022,127032,Serge Aurier,28,28-31,Defender,Right-Back,31/8/21,2021,Tottenham,premier-league,Without Club,,,Missing or undisclosed fee,1608,1003,-605,-37.62,0.28,0.09,-0.19,Declined minutes and productivity,113,29
11656,246204,Salvi Sánchez,31,28-31,Attack,Right Winger,1/7/22,2022,Cádiz CF,laliga,Rayo Vallecano,laliga,0,Recorded zero fee,1400,471,-929,-66.36,0.193,0,-0.193,Declined minutes and productivity,114,28
10691,130360,Simone Verdi,30,28-31,Midfield,Attacking Midfield,1/9/22,2022,Torino,serie-a,Hellas Verona,serie-a,0,Recorded zero fee,878,1091,213,24.26,0.615,0.412,-0.203,Reduced productivity,115,27
14110,122797,Andy Delort,29,28-31,Attack,Centre-Forward,28/8/21,2021,Montpellier,ligue-1,Nice,ligue-1,10000000,Positive known fee,2492,2717,225,9.03,0.903,0.696,-0.207,Reduced productivity,116,26
11556,84765,Francesco Caputo,34,32+,Attack,Centre-Forward,1/7/22,2022,Sassuolo,serie-a,Sampdoria,serie-a,4000000,Positive known fee,2957,2822,-135,-4.57,0.548,0.319,-0.229,Declined minutes and productivity,117,25
14669,68864,Kevin Strootman,31,28-31,Midfield,Central Midfield,3/7/21,2021,Marseille,ligue-1,Cagliari Calcio,serie-a,0,Recorded zero fee,1551,644,-907,-58.48,0.232,0,-0.232,Declined minutes and productivity,118,24
14323,199369,Sandro Ramírez,26,24-27,Attack,Centre-Forward,2/8/21,2021,SD Huesca,laliga,Getafe,laliga,0,Recorded zero fee,1294,1472,178,13.76,0.417,0.183,-0.234,Reduced productivity,119,23
11146,38607,Federico Di Francesco,28,28-31,Attack,Left Winger,31/7/22,2022,SPAL,serie-a,Lecce,serie-a,800000,Positive known fee,1374,2037,663,48.25,0.459,0.221,-0.238,Reduced productivity,120,22
11052,164771,Jordan Veretout,29,28-31,Midfield,Central Midfield,5/8/22,2022,Roma,serie-a,Marseille,ligue-1,12450000,Positive known fee,2327,2863,536,23.03,0.464,0.22,-0.244,Reduced productivity,121,21
7794,55769,Danilo D'Ambrosio,34,32+,Defender,Centre-Back,2/8/23,2023,Inter,serie-a,Monza,serie-a,0,Recorded zero fee,733,1536,803,109.55,0.246,0,-0.246,Reduced productivity,122,20
10786,399543,Rémi Oudin,25,24-27,Midfield,Attacking Midfield,31/8/22,2022,G. Bordeaux,ligue-1,Lecce,serie-a,0,Recorded zero fee,1741,1316,-425,-24.41,0.465,0.205,-0.26,Declined minutes and productivity,123,19
7297,195171,Samu Castillejo,28,28-31,Attack,Right Winger,1/9/23,2023,Valencia,laliga,Sassuolo,serie-a,0,Recorded zero fee,1368,530,-838,-61.26,0.263,0,-0.263,Declined minutes and productivity,124,18
8351,186988,Sven Michel,32,32+,Attack,Left Winger,1/7/23,2023,Union Berlin,bundesliga,FC Augsburg,bundesliga,950000,Positive known fee,478,572,94,19.67,0.753,0.472,-0.281,Reduced productivity,125,17
4505,227961,Jaime Mata,35,32+,Attack,Centre-Forward,1/7/24,2024,Getafe,laliga,UD Las Palmas,laliga,0,Recorded zero fee,1788,634,-1154,-64.54,0.302,0,-0.302,Declined minutes and productivity,126,16
14035,238752,Keita Baldé,26,24-27,Attack,Left Winger,31/8/21,2021,Monaco,ligue-1,Cagliari,serie-a,0,Recorded zero fee,1195,1231,36,3.01,0.678,0.366,-0.312,Reduced productivity,127,15
7620,82009,Kevin Volland,31,28-31,Midfield,Attacking Midfield,17/8/23,2023,Monaco,ligue-1,Union Berlin,bundesliga,4000000,Positive known fee,637,1345,708,111.15,0.848,0.535,-0.313,Reduced productivity,128,14
11069,212391,Roger Martí,31,28-31,Attack,Centre-Forward,4/8/22,2022,Levante,laliga,Elche CF,laliga,3000000,Positive known fee,2124,1298,-826,-38.89,0.466,0.139,-0.327,Declined minutes and productivity,129,13
4467,184894,Alfred Duncan,31,28-31,Midfield,Central Midfield,1/7/24,2024,Fiorentina,serie-a,Without Club,,,Missing or undisclosed fee,1896,959,-937,-49.42,0.332,0,-0.332,Declined minutes and productivity,130,12
11558,88683,Mattia Destro,31,28-31,Attack,Centre-Forward,1/7/22,2022,Genoa,serie-a,FC Empoli,serie-a,0,Recorded zero fee,1753,566,-1187,-67.71,0.513,0.159,-0.354,Declined minutes and productivity,131,11
11600,146752,Gianluca Caprari,28,28-31,Attack,Second Striker,1/7/22,2022,Sampdoria,serie-a,Hellas Verona,serie-a,5000000,Positive known fee,2754,2463,-291,-10.57,0.621,0.256,-0.365,Declined minutes and productivity,132,10
11243,146752,Gianluca Caprari,28,28-31,Attack,Second Striker,21/7/22,2022,Hellas Verona,serie-a,Monza,serie-a,0,Recorded zero fee,2754,2463,-291,-10.57,0.621,0.256,-0.365,Declined minutes and productivity,132,10
11552,80444,Philippe Coutinho,30,28-31,Midfield,Attacking Midfield,1/7/22,2022,Barcelona,laliga,Aston Villa,premier-league,20000000,Positive known fee,1840,781,-1059,-57.55,0.489,0.115,-0.374,Declined minutes and productivity,133,9
15074,635336,Imrân Louza,22,21-23,Midfield,Central Midfield,1/7/21,2021,FC Nantes,ligue-1,Watford,premier-league,10000000,Positive known fee,2389,1420,-969,-40.56,0.377,0,-0.377,Declined minutes and productivity,134,8
14026,173900,Hélder Costa,27,24-27,Attack,Right Winger,31/8/21,2021,Leeds,premier-league,Valencia,laliga,0,Recorded zero fee,1156,1138,-18,-1.56,0.467,0.079,-0.388,Declined minutes and productivity,135,7
7303,257751,Simone Bastoni,26,24-27,Midfield,Central Midfield,1/9/23,2023,Spezia Calcio,serie-a,FC Empoli,serie-a,0,Recorded zero fee,1197,748,-449,-37.51,0.526,0.12,-0.406,Declined minutes and productivity,136,6
7567,279009,Marco Richter,25,24-27,Midfield,Attacking Midfield,22/8/23,2023,Hertha BSC,bundesliga,Mainz,bundesliga,3000000,Positive known fee,1844,712,-1132,-61.39,0.537,0.126,-0.411,Declined minutes and productivity,137,5
8355,199258,Andrea Petagna,28,28-31,Attack,Centre-Forward,1/7/23,2023,Napoli,serie-a,Monza,serie-a,9700000,Positive known fee,1668,997,-671,-40.23,0.594,0.181,-0.413,Declined minutes and productivity,138,4
7442,199258,Andrea Petagna,28,28-31,Attack,Centre-Forward,30/8/23,2023,Monza,serie-a,Cagliari,serie-a,0,Recorded zero fee,1668,997,-671,-40.23,0.594,0.181,-0.413,Declined minutes and productivity,138,4
14019,84765,Francesco Caputo,34,32+,Attack,Centre-Forward,31/8/21,2021,Sassuolo,serie-a,Sampdoria,serie-a,0,Recorded zero fee,1700,2957,1257,73.94,1.006,0.548,-0.458,Reduced productivity,139,3
10850,272261,Antonín Barák,27,24-27,Midfield,Attacking Midfield,26/8/22,2022,Hellas Verona,serie-a,Fiorentina,serie-a,0,Recorded zero fee,2345,1831,-514,-21.92,0.576,0.098,-0.478,Declined minutes and productivity,140,2
8312,82048,Nicola Sansone,31,28-31,Attack,Left Winger,1/7/23,2023,Bologna,serie-a,Without Club,,,Missing or undisclosed fee,736,750,14,1.9,0.978,0.48,-0.498,Reduced productivity,141,1
7226,82048,Nicola Sansone,32,32+,Attack,Left Winger,11/9/23,2023,Without Club,,Lecce,serie-a,,Missing or undisclosed fee,736,750,14,1.9,0.978,0.48,-0.498,Reduced productivity,141,1