club_id,club_name,competition_id,competition_name,country_name,season,season_label,previous_season_label,matches_played,wins,draws,losses,points_earned,points_per_match,win_percentage,goals_scored,goals_conceded,goal_difference,goal_difference_per_match,points_per_match_change,win_percentage_change,goal_difference_per_match_change,performance_direction
2036,1. Fußballclub Heidenheim 1846,L1,bundesliga,Germany,2023,2023-24,,34,10,12,12,42,1.24,29.41,50,55,-5,-0.147,,,,No consecutive comparison
2036,1. Fußballclub Heidenheim 1846,L1,bundesliga,Germany,2024,2024-25,2023-24,34,8,5,21,29,0.85,23.53,37,64,-27,-0.794,-0.39,-5.88,-0.647,Decline
3,1.FC Köln,L1,bundesliga,Germany,2020,2020-21,,34,8,9,17,33,0.97,23.53,34,60,-26,-0.765,,,,No consecutive comparison
3,1.FC Köln,L1,bundesliga,Germany,2021,2021-22,2020-21,34,14,10,10,52,1.53,41.18,52,49,3,0.088,0.56,17.65,0.853,Improvement
3,1.FC Köln,L1,bundesliga,Germany,2022,2022-23,2021-22,34,10,12,12,42,1.24,29.41,49,54,-5,-0.147,-0.29,-11.77,-0.235,Decline
3,1.FC Köln,L1,bundesliga,Germany,2023,2023-24,2022-23,34,5,12,17,27,0.79,14.71,28,60,-32,-0.941,-0.45,-14.7,-0.794,Decline
89,1.FC Union Berlin,L1,bundesliga,Germany,2020,2020-21,,34,12,14,8,50,1.47,35.29,50,43,7,0.206,,,,No consecutive comparison
89,1.FC Union Berlin,L1,bundesliga,Germany,2021,2021-22,2020-21,34,16,9,9,57,1.68,47.06,50,44,6,0.176,0.21,11.77,-0.03,Improvement
89,1.FC Union Berlin,L1,bundesliga,Germany,2022,2022-23,2021-22,34,18,8,8,62,1.82,52.94,51,38,13,0.382,0.14,5.88,0.206,Improvement
89,1.FC Union Berlin,L1,bundesliga,Germany,2023,2023-24,2022-23,34,9,6,19,33,0.97,26.47,33,58,-25,-0.735,-0.85,-26.47,-1.117,Decline
89,1.FC Union Berlin,L1,bundesliga,Germany,2024,2024-25,2023-24,34,10,10,14,40,1.18,29.41,35,51,-16,-0.471,0.21,2.94,0.264,Improvement
39,1.FSV Mainz 05,L1,bundesliga,Germany,2020,2020-21,,34,10,9,15,39,1.15,29.41,39,56,-17,-0.5,,,,No consecutive comparison
39,1.FSV Mainz 05,L1,bundesliga,Germany,2021,2021-22,2020-21,34,13,7,14,46,1.35,38.24,50,45,5,0.147,0.2,8.83,0.647,Improvement
39,1.FSV Mainz 05,L1,bundesliga,Germany,2022,2022-23,2021-22,34,12,10,12,46,1.35,35.29,54,55,-1,-0.029,0,-2.95,-0.176,No change
39,1.FSV Mainz 05,L1,bundesliga,Germany,2023,2023-24,2022-23,34,7,14,13,35,1.03,20.59,39,51,-12,-0.353,-0.32,-14.7,-0.324,Decline
39,1.FSV Mainz 05,L1,bundesliga,Germany,2024,2024-25,2023-24,34,14,10,10,52,1.53,41.18,55,43,12,0.353,0.5,20.59,0.706,Improvement
1147,AC Ajaccio,FR1,ligue-1,France,2022,2022-23,,38,7,5,26,26,0.68,18.42,23,74,-51,-1.342,,,,No consecutive comparison
5,AC Milan,IT1,serie-a,Italy,2020,2020-21,,38,24,7,7,79,2.08,63.16,74,41,33,0.868,,,,No consecutive comparison
5,AC Milan,IT1,serie-a,Italy,2021,2021-22,2020-21,38,26,8,4,86,2.26,68.42,69,31,38,1,0.18,5.26,0.132,Improvement
5,AC Milan,IT1,serie-a,Italy,2022,2022-23,2021-22,38,20,10,8,70,1.84,52.63,64,43,21,0.553,-0.42,-15.79,-0.447,Decline
5,AC Milan,IT1,serie-a,Italy,2023,2023-24,2022-23,38,22,9,7,75,1.97,57.89,76,49,27,0.711,0.13,5.26,0.158,Improvement
5,AC Milan,IT1,serie-a,Italy,2024,2024-25,2023-24,38,18,9,11,63,1.66,47.37,61,43,18,0.474,-0.31,-10.52,-0.237,Decline
2919,AC Monza,IT1,serie-a,Italy,2022,2022-23,,38,14,10,14,52,1.37,36.84,48,52,-4,-0.105,,,,No consecutive comparison
2919,AC Monza,IT1,serie-a,Italy,2023,2023-24,2022-23,38,11,12,15,45,1.18,28.95,39,51,-12,-0.316,-0.19,-7.89,-0.211,Decline
2919,AC Monza,IT1,serie-a,Italy,2024,2024-25,2023-24,38,3,9,26,18,0.47,7.89,28,69,-41,-1.079,-0.71,-21.06,-0.763,Decline
430,ACF Fiorentina,IT1,serie-a,Italy,2020,2020-21,,38,9,13,16,40,1.05,23.68,47,59,-12,-0.316,,,,No consecutive comparison
430,ACF Fiorentina,IT1,serie-a,Italy,2021,2021-22,2020-21,38,19,5,14,62,1.63,50,59,51,8,0.211,0.58,26.32,0.527,Improvement
430,ACF Fiorentina,IT1,serie-a,Italy,2022,2022-23,2021-22,38,15,11,12,56,1.47,39.47,53,43,10,0.263,-0.16,-10.53,0.052,Decline
430,ACF Fiorentina,IT1,serie-a,Italy,2023,2023-24,2022-23,38,17,9,12,60,1.58,44.74,61,46,15,0.395,0.11,5.27,0.132,Improvement
430,ACF Fiorentina,IT1,serie-a,Italy,2024,2024-25,2023-24,38,19,8,11,65,1.71,50,60,41,19,0.5,0.13,5.26,0.105,Improvement
989,AFC Bournemouth,GB1,premier-league,England,2022,2022-23,,38,11,6,21,39,1.03,28.95,37,71,-34,-0.895,,,,No consecutive comparison
989,AFC Bournemouth,GB1,premier-league,England,2023,2023-24,2022-23,38,13,9,16,48,1.26,34.21,54,67,-13,-0.342,0.23,5.26,0.553,Improvement
989,AFC Bournemouth,GB1,premier-league,England,2024,2024-25,2023-24,38,15,11,12,56,1.47,39.47,58,46,12,0.316,0.21,5.26,0.658,Improvement
290,AJ Auxerre,FR1,ligue-1,France,2022,2022-23,,38,8,11,19,35,0.92,21.05,35,63,-28,-0.737,,,,No consecutive comparison
290,AJ Auxerre,FR1,ligue-1,France,2024,2024-25,2022-23,34,11,9,14,42,1.24,32.35,48,51,-3,-0.088,,,,No consecutive comparison
1420,Angers SCO,FR1,ligue-1,France,2020,2020-21,,38,12,8,18,44,1.16,31.58,40,58,-18,-0.474,,,,No consecutive comparison
1420,Angers SCO,FR1,ligue-1,France,2021,2021-22,2020-21,38,10,11,17,41,1.08,26.32,44,55,-11,-0.289,-0.08,-5.26,0.185,Decline
1420,Angers SCO,FR1,ligue-1,France,2022,2022-23,2021-22,38,4,6,28,18,0.47,10.53,33,81,-48,-1.263,-0.61,-15.79,-0.974,Decline
1420,Angers SCO,FR1,ligue-1,France,2024,2024-25,2022-23,34,10,6,18,36,1.06,29.41,32,53,-21,-0.618,,,,No consecutive comparison
10,Arminia Bielefeld,L1,bundesliga,Germany,2020,2020-21,,34,9,8,17,35,1.03,26.47,26,52,-26,-0.765,,,,No consecutive comparison
10,Arminia Bielefeld,L1,bundesliga,Germany,2021,2021-22,2020-21,34,5,13,16,28,0.82,14.71,27,53,-26,-0.765,-0.21,-11.76,0,Decline
11,Arsenal FC,GB1,premier-league,England,2020,2020-21,,38,18,7,13,61,1.61,47.37,55,39,16,0.421,,,,No consecutive comparison
11,Arsenal FC,GB1,premier-league,England,2021,2021-22,2020-21,38,22,3,13,69,1.82,57.89,61,48,13,0.342,0.21,10.52,-0.079,Improvement
11,Arsenal FC,GB1,premier-league,England,2022,2022-23,2021-22,38,26,6,6,84,2.21,68.42,88,43,45,1.184,0.39,10.53,0.842,Improvement
11,Arsenal FC,GB1,premier-league,England,2023,2023-24,2022-23,38,28,5,5,89,2.34,73.68,91,29,62,1.632,0.13,5.26,0.448,Improvement
11,Arsenal FC,GB1,premier-league,England,2024,2024-25,2023-24,38,20,14,4,74,1.95,52.63,69,34,35,0.921,-0.39,-21.05,-0.711,Decline
162,AS Monaco,FR1,ligue-1,France,2020,2020-21,,38,24,6,8,78,2.05,63.16,76,42,34,0.895,,,,No consecutive comparison
162,AS Monaco,FR1,ligue-1,France,2021,2021-22,2020-21,38,20,9,9,69,1.82,52.63,65,40,25,0.658,-0.23,-10.53,-0.237,Decline
162,AS Monaco,FR1,ligue-1,France,2022,2022-23,2021-22,38,19,8,11,65,1.71,50,70,58,12,0.316,-0.11,-2.63,-0.342,Decline
162,AS Monaco,FR1,ligue-1,France,2023,2023-24,2022-23,34,20,7,7,67,1.97,58.82,68,42,26,0.765,0.26,8.82,0.449,Improvement
162,AS Monaco,FR1,ligue-1,France,2024,2024-25,2023-24,34,18,7,9,61,1.79,52.94,63,41,22,0.647,-0.18,-5.88,-0.118,Decline
618,AS Saint-Étienne,FR1,ligue-1,France,2020,2020-21,,38,12,10,16,46,1.21,31.58,42,54,-12,-0.316,,,,No consecutive comparison
618,AS Saint-Étienne,FR1,ligue-1,France,2021,2021-22,2020-21,38,7,11,20,32,0.84,18.42,42,77,-35,-0.921,-0.37,-13.16,-0.605,Decline
618,AS Saint-Étienne,FR1,ligue-1,France,2024,2024-25,2021-22,34,8,6,20,30,0.88,23.53,39,77,-38,-1.118,,,,No consecutive comparison
12,Associazione Sportiva Roma,IT1,serie-a,Italy,2020,2020-21,,38,18,8,12,62,1.63,47.37,68,58,10,0.263,,,,No consecutive comparison
12,Associazione Sportiva Roma,IT1,serie-a,Italy,2021,2021-22,2020-21,38,18,9,11,63,1.66,47.37,59,43,16,0.421,0.03,0,0.158,Improvement
12,Associazione Sportiva Roma,IT1,serie-a,Italy,2022,2022-23,2021-22,38,18,9,11,63,1.66,47.37,50,38,12,0.316,0,0,-0.105,No change
12,Associazione Sportiva Roma,IT1,serie-a,Italy,2023,2023-24,2022-23,38,18,9,11,63,1.66,47.37,65,46,19,0.5,0,0,0.184,No change
12,Associazione Sportiva Roma,IT1,serie-a,Italy,2024,2024-25,2023-24,38,20,9,9,69,1.82,52.63,56,35,21,0.553,0.16,5.26,0.053,Improvement
405,Aston Villa,GB1,premier-league,England,2020,2020-21,,38,16,7,15,55,1.45,42.11,55,46,9,0.237,,,,No consecutive comparison
405,Aston Villa,GB1,premier-league,England,2021,2021-22,2020-21,38,13,6,19,45,1.18,34.21,52,54,-2,-0.053,-0.27,-7.9,-0.29,Decline
405,Aston Villa,GB1,premier-league,England,2022,2022-23,2021-22,38,18,7,13,61,1.61,47.37,51,46,5,0.132,0.43,13.16,0.185,Improvement
405,Aston Villa,GB1,premier-league,England,2023,2023-24,2022-23,38,20,8,10,68,1.79,52.63,76,61,15,0.395,0.18,5.26,0.263,Improvement
405,Aston Villa,GB1,premier-league,England,2024,2024-25,2023-24,38,19,9,10,66,1.74,50,58,51,7,0.184,-0.05,-2.63,-0.211,Decline
800,Atalanta BC,IT1,serie-a,Italy,2020,2020-21,,38,23,9,6,78,2.05,60.53,90,47,43,1.132,,,,No consecutive comparison
800,Atalanta BC,IT1,serie-a,Italy,2021,2021-22,2020-21,38,16,11,11,59,1.55,42.11,65,48,17,0.447,-0.5,-18.42,-0.685,Decline
800,Atalanta BC,IT1,serie-a,Italy,2022,2022-23,2021-22,38,19,7,12,64,1.68,50,66,48,18,0.474,0.13,7.89,0.027,Improvement
800,Atalanta BC,IT1,serie-a,Italy,2023,2023-24,2022-23,38,21,6,11,69,1.82,55.26,72,42,30,0.789,0.14,5.26,0.315,Improvement
800,Atalanta BC,IT1,serie-a,Italy,2024,2024-25,2023-24,38,22,8,8,74,1.95,57.89,78,37,41,1.079,0.13,2.63,0.29,Improvement
621,Athletic Bilbao,ES1,laliga,Spain,2020,2020-21,,38,11,13,14,46,1.21,28.95,46,42,4,0.105,,,,No consecutive comparison
621,Athletic Bilbao,ES1,laliga,Spain,2021,2021-22,2020-21,38,14,13,11,55,1.45,36.84,43,36,7,0.184,0.24,7.89,0.079,Improvement
621,Athletic Bilbao,ES1,laliga,Spain,2022,2022-23,2021-22,38,14,9,15,51,1.34,36.84,47,43,4,0.105,-0.11,0,-0.079,Decline
621,Athletic Bilbao,ES1,laliga,Spain,2023,2023-24,2022-23,38,19,11,8,68,1.79,50,61,37,24,0.632,0.45,13.16,0.527,Improvement
621,Athletic Bilbao,ES1,laliga,Spain,2024,2024-25,2023-24,38,19,13,6,70,1.84,50,54,29,25,0.658,0.05,0,0.026,Improvement
13,Atlético de Madrid,ES1,laliga,Spain,2020,2020-21,,38,26,8,4,86,2.26,68.42,67,25,42,1.105,,,,No consecutive comparison
13,Atlético de Madrid,ES1,laliga,Spain,2021,2021-22,2020-21,38,21,8,9,71,1.87,55.26,65,43,22,0.579,-0.39,-13.16,-0.526,Decline
13,Atlético de Madrid,ES1,laliga,Spain,2022,2022-23,2021-22,38,23,8,7,77,2.03,60.53,70,33,37,0.974,0.16,5.27,0.395,Improvement
13,Atlético de Madrid,ES1,laliga,Spain,2023,2023-24,2022-23,38,24,4,10,76,2,63.16,70,43,27,0.711,-0.03,2.63,-0.263,Decline
13,Atlético de Madrid,ES1,laliga,Spain,2024,2024-25,2023-24,38,22,10,6,76,2,57.89,68,30,38,1,0,-5.27,0.289,No change
15,Bayer 04 Leverkusen,L1,bundesliga,Germany,2020,2020-21,,34,14,10,10,52,1.53,41.18,53,39,14,0.412,,,,No consecutive comparison
15,Bayer 04 Leverkusen,L1,bundesliga,Germany,2021,2021-22,2020-21,34,19,7,8,64,1.88,55.88,80,47,33,0.971,0.35,14.7,0.559,Improvement
15,Bayer 04 Leverkusen,L1,bundesliga,Germany,2022,2022-23,2021-22,34,14,8,12,50,1.47,41.18,57,49,8,0.235,-0.41,-14.7,-0.736,Decline
15,Bayer 04 Leverkusen,L1,bundesliga,Germany,2023,2023-24,2022-23,34,28,6,0,90,2.65,82.35,89,24,65,1.912,1.18,41.17,1.677,Improvement
15,Bayer 04 Leverkusen,L1,bundesliga,Germany,2024,2024-25,2023-24,34,19,12,3,69,2.03,55.88,72,43,29,0.853,-0.62,-26.47,-1.059,Decline
27,Bayern Munich,L1,bundesliga,Germany,2020,2020-21,,34,24,6,4,78,2.29,70.59,99,44,55,1.618,,,,No consecutive comparison
27,Bayern Munich,L1,bundesliga,Germany,2021,2021-22,2020-21,34,24,5,5,77,2.26,70.59,97,37,60,1.765,-0.03,0,0.147,Decline
27,Bayern Munich,L1,bundesliga,Germany,2022,2022-23,2021-22,34,21,8,5,71,2.09,61.76,92,38,54,1.588,-0.17,-8.83,-0.177,Decline
27,Bayern Munich,L1,bundesliga,Germany,2023,2023-24,2022-23,34,23,3,8,72,2.12,67.65,94,45,49,1.441,0.03,5.89,-0.147,Improvement
27,Bayern Munich,L1,bundesliga,Germany,2024,2024-25,2023-24,34,25,7,2,82,2.41,73.53,99,32,67,1.971,0.29,5.88,0.53,Improvement
4171,Benevento Calcio,IT1,serie-a,Italy,2020,2020-21,,38,7,12,19,33,0.87,18.42,40,75,-35,-0.921,,,,No consecutive comparison
1025,Bologna Football Club 1909,IT1,serie-a,Italy,2020,2020-21,,38,10,11,17,41,1.08,26.32,51,65,-14,-0.368,,,,No consecutive comparison
1025,Bologna Football Club 1909,IT1,serie-a,Italy,2021,2021-22,2020-21,38,12,10,16,46,1.21,31.58,44,55,-11,-0.289,0.13,5.26,0.079,Improvement
1025,Bologna Football Club 1909,IT1,serie-a,Italy,2022,2022-23,2021-22,38,14,12,12,54,1.42,36.84,53,49,4,0.105,0.21,5.26,0.394,Improvement
1025,Bologna Football Club 1909,IT1,serie-a,Italy,2023,2023-24,2022-23,38,18,14,6,68,1.79,47.37,54,32,22,0.579,0.37,10.53,0.474,Improvement
1025,Bologna Football Club 1909,IT1,serie-a,Italy,2024,2024-25,2023-24,38,16,14,8,62,1.63,42.11,57,47,10,0.263,-0.16,-5.26,-0.316,Decline
16,Borussia Dortmund,L1,bundesliga,Germany,2020,2020-21,,34,20,4,10,64,1.88,58.82,75,46,29,0.853,,,,No consecutive comparison
16,Borussia Dortmund,L1,bundesliga,Germany,2021,2021-22,2020-21,34,22,3,9,69,2.03,64.71,85,52,33,0.971,0.15,5.89,0.118,Improvement
16,Borussia Dortmund,L1,bundesliga,Germany,2022,2022-23,2021-22,34,22,5,7,71,2.09,64.71,83,44,39,1.147,0.06,0,0.176,Improvement
16,Borussia Dortmund,L1,bundesliga,Germany,2023,2023-24,2022-23,34,18,9,7,63,1.85,52.94,68,43,25,0.735,-0.24,-11.77,-0.412,Decline
16,Borussia Dortmund,L1,bundesliga,Germany,2024,2024-25,2023-24,34,17,6,11,57,1.68,50,71,51,20,0.588,-0.17,-2.94,-0.147,Decline
18,Borussia Mönchengladbach,L1,bundesliga,Germany,2020,2020-21,,34,13,10,11,49,1.44,38.24,64,56,8,0.235,,,,No consecutive comparison
18,Borussia Mönchengladbach,L1,bundesliga,Germany,2021,2021-22,2020-21,34,12,9,13,45,1.32,35.29,54,61,-7,-0.206,-0.12,-2.95,-0.441,Decline
18,Borussia Mönchengladbach,L1,bundesliga,Germany,2022,2022-23,2021-22,34,11,10,13,43,1.26,32.35,52,55,-3,-0.088,-0.06,-2.94,0.118,Decline
18,Borussia Mönchengladbach,L1,bundesliga,Germany,2023,2023-24,2022-23,34,7,13,14,34,1,20.59,56,67,-11,-0.324,-0.26,-11.76,-0.236,Decline
18,Borussia Mönchengladbach,L1,bundesliga,Germany,2024,2024-25,2023-24,34,13,6,15,45,1.32,38.24,55,57,-2,-0.059,0.32,17.65,0.265,Improvement
1148,Brentford FC,GB1,premier-league,England,2021,2021-22,,38,13,7,18,46,1.21,34.21,48,56,-8,-0.211,,,,No consecutive comparison
1148,Brentford FC,GB1,premier-league,England,2022,2022-23,2021-22,38,15,14,9,59,1.55,39.47,58,46,12,0.316,0.34,5.26,0.527,Improvement
1148,Brentford FC,GB1,premier-league,England,2023,2023-24,2022-23,38,10,9,19,39,1.03,26.32,56,65,-9,-0.237,-0.52,-13.15,-0.553,Decline
1148,Brentford FC,GB1,premier-league,England,2024,2024-25,2023-24,38,16,8,14,56,1.47,42.11,66,57,9,0.237,0.44,15.79,0.474,Improvement
1237,Brighton & Hove Albion,GB1,premier-league,England,2020,2020-21,,38,9,14,15,41,1.08,23.68,40,46,-6,-0.158,,,,No consecutive comparison
1237,Brighton & Hove Albion,GB1,premier-league,England,2021,2021-22,2020-21,38,12,15,11,51,1.34,31.58,42,44,-2,-0.053,0.26,7.9,0.105,Improvement
1237,Brighton & Hove Albion,GB1,premier-league,England,2022,2022-23,2021-22,38,18,8,12,62,1.63,47.37,72,53,19,0.5,0.29,15.79,0.553,Improvement
1237,Brighton & Hove Albion,GB1,premier-league,England,2023,2023-24,2022-23,38,12,12,14,48,1.26,31.58,55,62,-7,-0.184,-0.37,-15.79,-0.684,Decline
1237,Brighton & Hove Albion,GB1,premier-league,England,2024,2024-25,2023-24,38,16,13,9,61,1.61,42.11,66,59,7,0.184,0.35,10.53,0.368,Improvement
1132,Burnley FC,GB1,premier-league,England,2020,2020-21,,38,10,9,19,39,1.03,26.32,33,55,-22,-0.579,,,,No consecutive comparison
1132,Burnley FC,GB1,premier-league,England,2021,2021-22,2020-21,38,7,14,17,35,0.92,18.42,34,53,-19,-0.5,-0.11,-7.9,0.079,Decline
1132,Burnley FC,GB1,premier-league,England,2023,2023-24,2021-22,38,5,9,24,24,0.63,13.16,41,78,-37,-0.974,,,,No consecutive comparison
331,CA Osasuna,ES1,laliga,Spain,2020,2020-21,,38,11,11,16,44,1.16,28.95,37,48,-11,-0.289,,,,No consecutive comparison
331,CA Osasuna,ES1,laliga,Spain,2021,2021-22,2020-21,38,12,11,15,47,1.24,31.58,37,51,-14,-0.368,0.08,2.63,-0.079,Improvement
331,CA Osasuna,ES1,laliga,Spain,2022,2022-23,2021-22,38,15,8,15,53,1.39,39.47,37,42,-5,-0.132,0.15,7.89,0.236,Improvement
331,CA Osasuna,ES1,laliga,Spain,2023,2023-24,2022-23,38,12,9,17,45,1.18,31.58,45,56,-11,-0.289,-0.21,-7.89,-0.157,Decline
331,CA Osasuna,ES1,laliga,Spain,2024,2024-25,2023-24,38,12,16,10,52,1.37,31.58,48,52,-4,-0.105,0.19,0,0.184,Improvement
2687,Cádiz CF,ES1,laliga,Spain,2020,2020-21,,38,11,11,16,44,1.16,28.95,36,58,-22,-0.579,,,,No consecutive comparison
2687,Cádiz CF,ES1,laliga,Spain,2021,2021-22,2020-21,38,8,15,15,39,1.03,21.05,35,51,-16,-0.421,-0.13,-7.9,0.158,Decline
2687,Cádiz CF,ES1,laliga,Spain,2022,2022-23,2021-22,38,10,12,16,42,1.11,26.32,30,53,-23,-0.605,0.08,5.27,-0.184,Improvement
2687,Cádiz CF,ES1,laliga,Spain,2023,2023-24,2022-23,38,6,15,17,33,0.87,15.79,26,55,-29,-0.763,-0.24,-10.53,-0.158,Decline
1390,Cagliari Calcio,IT1,serie-a,Italy,2020,2020-21,,38,9,10,19,37,0.97,23.68,43,59,-16,-0.421,,,,No consecutive comparison
1390,Cagliari Calcio,IT1,serie-a,Italy,2021,2021-22,2020-21,38,6,12,20,30,0.79,15.79,34,68,-34,-0.895,-0.18,-7.89,-0.474,Decline
1390,Cagliari Calcio,IT1,serie-a,Italy,2023,2023-24,2021-22,38,8,12,18,36,0.95,21.05,42,68,-26,-0.684,,,,No consecutive comparison
1390,Cagliari Calcio,IT1,serie-a,Italy,2024,2024-25,2023-24,38,9,9,20,36,0.95,23.68,40,56,-16,-0.421,0,2.63,0.263,No change
1244,CD Leganés,ES1,laliga,Spain,2024,2024-25,,38,9,13,16,40,1.05,23.68,39,56,-17,-0.447,,,,No consecutive comparison
940,Celta de Vigo,ES1,laliga,Spain,2020,2020-21,,38,14,11,13,53,1.39,36.84,55,57,-2,-0.053,,,,No consecutive comparison
940,Celta de Vigo,ES1,laliga,Spain,2021,2021-22,2020-21,38,12,10,16,46,1.21,31.58,43,43,0,0,-0.18,-5.26,0.053,Decline
940,Celta de Vigo,ES1,laliga,Spain,2022,2022-23,2021-22,38,11,10,17,43,1.13,28.95,43,53,-10,-0.263,-0.08,-2.63,-0.263,Decline
940,Celta de Vigo,ES1,laliga,Spain,2023,2023-24,2022-23,38,10,11,17,41,1.08,26.32,46,57,-11,-0.289,-0.05,-2.63,-0.026,Decline
940,Celta de Vigo,ES1,laliga,Spain,2024,2024-25,2023-24,38,16,7,15,55,1.45,42.11,59,57,2,0.053,0.37,15.79,0.342,Improvement
631,Chelsea FC,GB1,premier-league,England,2020,2020-21,,38,19,10,9,67,1.76,50,58,36,22,0.579,,,,No consecutive comparison
631,Chelsea FC,GB1,premier-league,England,2021,2021-22,2020-21,38,21,11,6,74,1.95,55.26,76,33,43,1.132,0.19,5.26,0.553,Improvement
631,Chelsea FC,GB1,premier-league,England,2022,2022-23,2021-22,38,11,11,16,44,1.16,28.95,38,47,-9,-0.237,-0.79,-26.31,-1.369,Decline
631,Chelsea FC,GB1,premier-league,England,2023,2023-24,2022-23,38,18,9,11,63,1.66,47.37,77,63,14,0.368,0.5,18.42,0.605,Improvement
631,Chelsea FC,GB1,premier-league,England,2024,2024-25,2023-24,38,20,9,9,69,1.82,52.63,64,43,21,0.553,0.16,5.26,0.185,Improvement
3524,Clermont Foot 63,FR1,ligue-1,France,2021,2021-22,,38,9,9,20,36,0.95,23.68,38,69,-31,-0.816,,,,No consecutive comparison
3524,Clermont Foot 63,FR1,ligue-1,France,2022,2022-23,2021-22,38,17,8,13,59,1.55,44.74,45,49,-4,-0.105,0.6,21.06,0.711,Improvement
3524,Clermont Foot 63,FR1,ligue-1,France,2023,2023-24,2022-23,34,5,10,19,25,0.74,14.71,26,60,-34,-1,-0.81,-30.03,-0.895,Decline
1047,Como 1907,IT1,serie-a,Italy,2024,2024-25,,38,13,10,15,49,1.29,34.21,49,52,-3,-0.079,,,,No consecutive comparison
873,Crystal Palace,GB1,premier-league,England,2020,2020-21,,38,12,8,18,44,1.16,31.58,41,66,-25,-0.658,,,,No consecutive comparison
873,Crystal Palace,GB1,premier-league,England,2021,2021-22,2020-21,38,11,15,12,48,1.26,28.95,50,46,4,0.105,0.1,-2.63,0.763,Improvement
873,Crystal Palace,GB1,premier-league,England,2022,2022-23,2021-22,38,11,12,15,45,1.18,28.95,40,49,-9,-0.237,-0.08,0,-0.342,Decline
873,Crystal Palace,GB1,premier-league,England,2023,2023-24,2022-23,38,13,10,15,49,1.29,34.21,57,58,-1,-0.026,0.11,5.26,0.211,Improvement
873,Crystal Palace,GB1,premier-league,England,2024,2024-25,2023-24,38,13,14,11,53,1.39,34.21,51,51,0,0,0.1,0,0.026,Improvement
1108,Deportivo Alavés,ES1,laliga,Spain,2020,2020-21,,38,9,11,18,38,1,23.68,36,57,-21,-0.553,,,,No consecutive comparison
1108,Deportivo Alavés,ES1,laliga,Spain,2021,2021-22,2020-21,38,8,7,23,31,0.82,21.05,31,65,-34,-0.895,-0.18,-2.63,-0.342,Decline
1108,Deportivo Alavés,ES1,laliga,Spain,2023,2023-24,2021-22,38,12,10,16,46,1.21,31.58,36,46,-10,-0.263,,,,No consecutive comparison
1108,Deportivo Alavés,ES1,laliga,Spain,2024,2024-25,2023-24,38,10,12,16,42,1.11,26.32,38,48,-10,-0.263,-0.1,-5.26,0,Decline
2969,Dijon FCO,FR1,ligue-1,France,2020,2020-21,,38,4,9,25,21,0.55,10.53,25,73,-48,-1.263,,,,No consecutive comparison
24,Eintracht Frankfurt,L1,bundesliga,Germany,2020,2020-21,,34,16,12,6,60,1.76,47.06,69,53,16,0.471,,,,No consecutive comparison
24,Eintracht Frankfurt,L1,bundesliga,Germany,2021,2021-22,2020-21,34,10,12,12,42,1.24,29.41,45,49,-4,-0.118,-0.52,-17.65,-0.589,Decline
24,Eintracht Frankfurt,L1,bundesliga,Germany,2022,2022-23,2021-22,34,13,11,10,50,1.47,38.24,58,52,6,0.176,0.23,8.83,0.294,Improvement
24,Eintracht Frankfurt,L1,bundesliga,Germany,2023,2023-24,2022-23,34,11,14,9,47,1.38,32.35,51,50,1,0.029,-0.09,-5.89,-0.147,Decline
24,Eintracht Frankfurt,L1,bundesliga,Germany,2024,2024-25,2023-24,34,17,9,8,60,1.76,50,68,46,22,0.647,0.38,17.65,0.618,Improvement
1531,Elche CF,ES1,laliga,Spain,2020,2020-21,,38,8,12,18,36,0.95,21.05,34,55,-21,-0.553,,,,No consecutive comparison
1531,Elche CF,ES1,laliga,Spain,2021,2021-22,2020-21,38,11,9,18,42,1.11,28.95,40,52,-12,-0.316,0.16,7.9,0.237,Improvement
1531,Elche CF,ES1,laliga,Spain,2022,2022-23,2021-22,38,5,10,23,25,0.66,13.16,30,67,-37,-0.974,-0.45,-15.79,-0.658,Decline
1095,ESTAC Troyes,FR1,ligue-1,France,2021,2021-22,,38,9,11,18,38,1,23.68,37,53,-16,-0.421,,,,No consecutive comparison
1095,ESTAC Troyes,FR1,ligue-1,France,2022,2022-23,2021-22,38,4,12,22,24,0.63,10.53,45,81,-36,-0.947,-0.37,-13.15,-0.526,Decline
29,Everton FC,GB1,premier-league,England,2020,2020-21,,38,17,8,13,59,1.55,44.74,47,48,-1,-0.026,,,,No consecutive comparison
29,Everton FC,GB1,premier-league,England,2021,2021-22,2020-21,38,11,6,21,39,1.03,28.95,43,66,-23,-0.605,-0.52,-15.79,-0.579,Decline
29,Everton FC,GB1,premier-league,England,2022,2022-23,2021-22,38,8,12,18,36,0.95,21.05,34,57,-23,-0.605,-0.08,-7.9,0,Decline
29,Everton FC,GB1,premier-league,England,2023,2023-24,2022-23,38,13,9,16,48,1.26,34.21,40,51,-11,-0.289,0.31,13.16,0.316,Improvement
29,Everton FC,GB1,premier-league,England,2024,2024-25,2023-24,38,11,15,12,48,1.26,28.95,42,44,-2,-0.053,0,-5.26,0.236,No change
167,FC Augsburg,L1,bundesliga,Germany,2020,2020-21,,34,10,6,18,36,1.06,29.41,36,54,-18,-0.529,,,,No consecutive comparison
167,FC Augsburg,L1,bundesliga,Germany,2021,2021-22,2020-21,34,10,8,16,38,1.12,29.41,39,56,-17,-0.5,0.06,0,0.029,Improvement
167,FC Augsburg,L1,bundesliga,Germany,2022,2022-23,2021-22,34,9,7,18,34,1,26.47,42,63,-21,-0.618,-0.12,-2.94,-0.118,Decline
167,FC Augsburg,L1,bundesliga,Germany,2023,2023-24,2022-23,34,10,9,15,39,1.15,29.41,50,60,-10,-0.294,0.15,2.94,0.324,Improvement
167,FC Augsburg,L1,bundesliga,Germany,2024,2024-25,2023-24,34,11,10,13,43,1.26,32.35,35,51,-16,-0.471,0.11,2.94,-0.177,Improvement
131,FC Barcelona,ES1,laliga,Spain,2020,2020-21,,38,24,7,7,79,2.08,63.16,85,38,47,1.237,,,,No consecutive comparison
131,FC Barcelona,ES1,laliga,Spain,2021,2021-22,2020-21,38,21,10,7,73,1.92,55.26,68,38,30,0.789,-0.16,-7.9,-0.448,Decline
131,FC Barcelona,ES1,laliga,Spain,2022,2022-23,2021-22,38,28,4,6,88,2.32,73.68,70,20,50,1.316,0.4,18.42,0.527,Improvement
131,FC Barcelona,ES1,laliga,Spain,2023,2023-24,2022-23,38,26,7,5,85,2.24,68.42,79,44,35,0.921,-0.08,-5.26,-0.395,Decline
131,FC Barcelona,ES1,laliga,Spain,2024,2024-25,2023-24,38,28,4,6,88,2.32,73.68,102,39,63,1.658,0.08,5.26,0.737,Improvement
4083,FC Crotone,IT1,serie-a,Italy,2020,2020-21,,38,6,5,27,23,0.61,15.79,45,92,-47,-1.237,,,,No consecutive comparison
749,FC Empoli,IT1,serie-a,Italy,2021,2021-22,,38,10,11,17,41,1.08,26.32,50,70,-20,-0.526,,,,No consecutive comparison
749,FC Empoli,IT1,serie-a,Italy,2022,2022-23,2021-22,38,10,13,15,43,1.13,26.32,37,49,-12,-0.316,0.05,0,0.21,Improvement
749,FC Empoli,IT1,serie-a,Italy,2023,2023-24,2022-23,38,9,9,20,36,0.95,23.68,29,54,-25,-0.658,-0.18,-2.64,-0.342,Decline
749,FC Empoli,IT1,serie-a,Italy,2024,2024-25,2023-24,38,6,13,19,31,0.82,15.79,33,59,-26,-0.684,-0.13,-7.89,-0.026,Decline
40,FC Girondins Bordeaux,FR1,ligue-1,France,2020,2020-21,,38,13,6,19,45,1.18,34.21,42,56,-14,-0.368,,,,No consecutive comparison
40,FC Girondins Bordeaux,FR1,ligue-1,France,2021,2021-22,2020-21,38,6,13,19,31,0.82,15.79,52,91,-39,-1.026,-0.36,-18.42,-0.658,Decline
1158,FC Lorient,FR1,ligue-1,France,2020,2020-21,,38,11,9,18,42,1.11,28.95,50,68,-18,-0.474,,,,No consecutive comparison
1158,FC Lorient,FR1,ligue-1,France,2021,2021-22,2020-21,38,8,12,18,36,0.95,21.05,35,63,-28,-0.737,-0.16,-7.9,-0.263,Decline
1158,FC Lorient,FR1,ligue-1,France,2022,2022-23,2021-22,38,15,10,13,55,1.45,39.47,52,53,-1,-0.026,0.5,18.42,0.711,Improvement
1158,FC Lorient,FR1,ligue-1,France,2023,2023-24,2022-23,34,7,8,19,29,0.85,20.59,43,66,-23,-0.676,-0.6,-18.88,-0.65,Decline
347,FC Metz,FR1,ligue-1,France,2020,2020-21,,38,12,11,15,47,1.24,31.58,44,48,-4,-0.105,,,,No consecutive comparison
347,FC Metz,FR1,ligue-1,France,2021,2021-22,2020-21,38,6,13,19,31,0.82,15.79,35,69,-34,-0.895,-0.42,-15.79,-0.79,Decline
347,FC Metz,FR1,ligue-1,France,2023,2023-24,2021-22,34,8,5,21,29,0.85,23.53,35,58,-23,-0.676,,,,No consecutive comparison
995,FC Nantes,FR1,ligue-1,France,2020,2020-21,,38,9,13,16,40,1.05,23.68,47,55,-8,-0.211,,,,No consecutive comparison
995,FC Nantes,FR1,ligue-1,France,2021,2021-22,2020-21,38,15,10,13,55,1.45,39.47,55,48,7,0.184,0.4,15.79,0.395,Improvement
995,FC Nantes,FR1,ligue-1,France,2022,2022-23,2021-22,38,7,15,16,36,0.95,18.42,37,55,-18,-0.474,-0.5,-21.05,-0.658,Decline
995,FC Nantes,FR1,ligue-1,France,2023,2023-24,2022-23,34,9,6,19,33,0.97,26.47,30,55,-25,-0.735,0.02,8.05,-0.261,Improvement
995,FC Nantes,FR1,ligue-1,France,2024,2024-25,2023-24,34,8,12,14,36,1.06,23.53,39,52,-13,-0.382,0.09,-2.94,0.353,Improvement
33,FC Schalke 04,L1,bundesliga,Germany,2020,2020-21,,34,3,7,24,16,0.47,8.82,25,86,-61,-1.794,,,,No consecutive comparison
33,FC Schalke 04,L1,bundesliga,Germany,2022,2022-23,2020-21,34,7,10,17,31,0.91,20.59,35,71,-36,-1.059,,,,No consecutive comparison
35,FC St. Pauli,L1,bundesliga,Germany,2024,2024-25,,34,8,8,18,32,0.94,23.53,28,41,-13,-0.382,,,,No consecutive comparison
415,FC Toulouse,FR1,ligue-1,France,2022,2022-23,,38,13,9,16,48,1.26,34.21,51,57,-6,-0.158,,,,No consecutive comparison
415,FC Toulouse,FR1,ligue-1,France,2023,2023-24,2022-23,34,11,10,13,43,1.26,32.35,42,46,-4,-0.118,0,-1.86,0.04,No change
415,FC Toulouse,FR1,ligue-1,France,2024,2024-25,2023-24,34,11,9,14,42,1.24,32.35,44,43,1,0.029,-0.02,0,0.147,Decline
8970,Frosinone Calcio,IT1,serie-a,Italy,2023,2023-24,,38,8,11,19,35,0.92,21.05,44,69,-25,-0.658,,,,No consecutive comparison
931,Fulham FC,GB1,premier-league,England,2020,2020-21,,38,5,13,20,28,0.74,13.16,27,53,-26,-0.684,,,,No consecutive comparison
931,Fulham FC,GB1,premier-league,England,2022,2022-23,2020-21,38,15,7,16,52,1.37,39.47,55,53,2,0.053,,,,No consecutive comparison
931,Fulham FC,GB1,premier-league,England,2023,2023-24,2022-23,38,13,8,17,47,1.24,34.21,55,61,-6,-0.158,-0.13,-5.26,-0.211,Decline
931,Fulham FC,GB1,premier-league,England,2024,2024-25,2023-24,38,15,9,14,54,1.42,39.47,54,54,0,0,0.18,5.26,0.158,Improvement
252,Genoa CFC,IT1,serie-a,Italy,2020,2020-21,,38,10,12,16,42,1.11,26.32,47,58,-11,-0.289,,,,No consecutive comparison
252,Genoa CFC,IT1,serie-a,Italy,2021,2021-22,2020-21,38,4,16,18,28,0.74,10.53,27,60,-33,-0.868,-0.37,-15.79,-0.579,Decline
252,Genoa CFC,IT1,serie-a,Italy,2023,2023-24,2021-22,38,12,13,13,49,1.29,31.58,45,45,0,0,,,,No consecutive comparison
252,Genoa CFC,IT1,serie-a,Italy,2024,2024-25,2023-24,38,10,13,15,43,1.13,26.32,37,49,-12,-0.316,-0.16,-5.26,-0.316,Decline
3709,Getafe CF,ES1,laliga,Spain,2020,2020-21,,38,9,11,18,38,1,23.68,28,43,-15,-0.395,,,,No consecutive comparison
3709,Getafe CF,ES1,laliga,Spain,2021,2021-22,2020-21,38,8,15,15,39,1.03,21.05,33,41,-8,-0.211,0.03,-2.63,0.184,Improvement
3709,Getafe CF,ES1,laliga,Spain,2022,2022-23,2021-22,38,10,12,16,42,1.11,26.32,34,45,-11,-0.289,0.08,5.27,-0.078,Improvement
3709,Getafe CF,ES1,laliga,Spain,2023,2023-24,2022-23,38,10,13,15,43,1.13,26.32,42,54,-12,-0.316,0.02,0,-0.027,Improvement
3709,Getafe CF,ES1,laliga,Spain,2024,2024-25,2023-24,38,11,9,18,42,1.11,28.95,34,39,-5,-0.132,-0.02,2.63,0.184,Decline
12321,Girona FC,ES1,laliga,Spain,2022,2022-23,,38,13,10,15,49,1.29,34.21,58,55,3,0.079,,,,No consecutive comparison
12321,Girona FC,ES1,laliga,Spain,2023,2023-24,2022-23,38,25,6,7,81,2.13,65.79,85,46,39,1.026,0.84,31.58,0.947,Improvement
12321,Girona FC,ES1,laliga,Spain,2024,2024-25,2023-24,38,11,8,19,41,1.08,28.95,44,60,-16,-0.421,-1.05,-36.84,-1.447,Decline
16795,Granada CF,ES1,laliga,Spain,2020,2020-21,,38,13,7,18,46,1.21,34.21,47,65,-18,-0.474,,,,No consecutive comparison
16795,Granada CF,ES1,laliga,Spain,2021,2021-22,2020-21,38,8,14,16,38,1,21.05,44,61,-17,-0.447,-0.21,-13.16,0.027,Decline
16795,Granada CF,ES1,laliga,Spain,2023,2023-24,2021-22,38,4,9,25,21,0.55,10.53,38,79,-41,-1.079,,,,No consecutive comparison
276,Hellas Verona,IT1,serie-a,Italy,2020,2020-21,,38,11,12,15,45,1.18,28.95,46,48,-2,-0.053,,,,No consecutive comparison
276,Hellas Verona,IT1,serie-a,Italy,2021,2021-22,2020-21,38,14,11,13,53,1.39,36.84,65,59,6,0.158,0.21,7.89,0.211,Improvement
276,Hellas Verona,IT1,serie-a,Italy,2022,2022-23,2021-22,38,7,10,21,31,0.82,18.42,31,59,-28,-0.737,-0.57,-18.42,-0.895,Decline
276,Hellas Verona,IT1,serie-a,Italy,2023,2023-24,2022-23,38,9,11,18,38,1,23.68,38,51,-13,-0.342,0.18,5.26,0.395,Improvement
276,Hellas Verona,IT1,serie-a,Italy,2024,2024-25,2023-24,38,10,7,21,37,0.97,26.32,34,66,-32,-0.842,-0.03,2.64,-0.5,Decline
44,Hertha BSC,L1,bundesliga,Germany,2020,2020-21,,34,8,11,15,35,1.03,23.53,41,52,-11,-0.324,,,,No consecutive comparison
44,Hertha BSC,L1,bundesliga,Germany,2021,2021-22,2020-21,34,9,6,19,33,0.97,26.47,37,71,-34,-1,-0.06,2.94,-0.676,Decline
44,Hertha BSC,L1,bundesliga,Germany,2022,2022-23,2021-22,34,7,8,19,29,0.85,20.59,42,69,-27,-0.794,-0.12,-5.88,0.206,Decline
269,Holstein Kiel,L1,bundesliga,Germany,2024,2024-25,,34,6,7,21,25,0.74,17.65,49,80,-31,-0.912,,,,No consecutive comparison
46,Inter Milan,IT1,serie-a,Italy,2020,2020-21,,38,28,7,3,91,2.39,73.68,89,35,54,1.421,,,,No consecutive comparison
46,Inter Milan,IT1,serie-a,Italy,2021,2021-22,2020-21,38,25,9,4,84,2.21,65.79,84,32,52,1.368,-0.18,-7.89,-0.053,Decline
46,Inter Milan,IT1,serie-a,Italy,2022,2022-23,2021-22,38,23,3,12,72,1.89,60.53,71,42,29,0.763,-0.32,-5.26,-0.605,Decline
46,Inter Milan,IT1,serie-a,Italy,2023,2023-24,2022-23,38,29,7,2,94,2.47,76.32,89,22,67,1.763,0.58,15.79,1,Improvement
46,Inter Milan,IT1,serie-a,Italy,2024,2024-25,2023-24,38,24,9,5,81,2.13,63.16,79,35,44,1.158,-0.34,-13.16,-0.605,Decline
677,Ipswich Town,GB1,premier-league,England,2024,2024-25,,38,4,10,24,22,0.58,10.53,36,82,-46,-1.211,,,,No consecutive comparison
506,Juventus FC,IT1,serie-a,Italy,2020,2020-21,,38,23,9,6,78,2.05,60.53,77,38,39,1.026,,,,No consecutive comparison
506,Juventus FC,IT1,serie-a,Italy,2021,2021-22,2020-21,38,20,10,8,70,1.84,52.63,57,37,20,0.526,-0.21,-7.9,-0.5,Decline
506,Juventus FC,IT1,serie-a,Italy,2022,2022-23,2021-22,38,22,6,10,72,1.89,57.89,56,33,23,0.605,0.05,5.26,0.079,Improvement
506,Juventus FC,IT1,serie-a,Italy,2023,2023-24,2022-23,38,19,14,5,71,1.87,50,54,31,23,0.605,-0.02,-7.89,0,Decline
506,Juventus FC,IT1,serie-a,Italy,2024,2024-25,2023-24,38,18,16,4,70,1.84,47.37,58,35,23,0.605,-0.03,-2.63,0,Decline
738,Le Havre AC,FR1,ligue-1,France,2023,2023-24,,34,7,11,16,32,0.94,20.59,34,45,-11,-0.324,,,,No consecutive comparison
738,Le Havre AC,FR1,ligue-1,France,2024,2024-25,2023-24,34,10,4,20,34,1,29.41,40,71,-31,-0.912,0.06,8.82,-0.588,Improvement
399,Leeds United,GB1,premier-league,England,2020,2020-21,,38,18,5,15,59,1.55,47.37,62,54,8,0.211,,,,No consecutive comparison
399,Leeds United,GB1,premier-league,England,2021,2021-22,2020-21,38,9,11,18,38,1,23.68,42,79,-37,-0.974,-0.55,-23.69,-1.185,Decline
399,Leeds United,GB1,premier-league,England,2022,2022-23,2021-22,38,7,10,21,31,0.82,18.42,48,78,-30,-0.789,-0.18,-5.26,0.185,Decline
1003,Leicester City,GB1,premier-league,England,2020,2020-21,,38,20,6,12,66,1.74,52.63,68,50,18,0.474,,,,No consecutive comparison
1003,Leicester City,GB1,premier-league,England,2021,2021-22,2020-21,38,14,10,14,52,1.37,36.84,62,59,3,0.079,-0.37,-15.79,-0.395,Decline
1003,Leicester City,GB1,premier-league,England,2022,2022-23,2021-22,38,9,7,22,34,0.89,23.68,51,68,-17,-0.447,-0.48,-13.16,-0.526,Decline
1003,Leicester City,GB1,premier-league,England,2024,2024-25,2022-23,38,6,7,25,25,0.66,15.79,33,80,-47,-1.237,,,,No consecutive comparison
3368,Levante UD,ES1,laliga,Spain,2020,2020-21,,38,9,14,15,41,1.08,23.68,46,57,-11,-0.289,,,,No consecutive comparison
3368,Levante UD,ES1,laliga,Spain,2021,2021-22,2020-21,38,8,11,19,35,0.92,21.05,51,76,-25,-0.658,-0.16,-2.63,-0.369,Decline
31,Liverpool FC,GB1,premier-league,England,2020,2020-21,,38,20,9,9,69,1.82,52.63,68,42,26,0.684,,,,No consecutive comparison
31,Liverpool FC,GB1,premier-league,England,2021,2021-22,2020-21,38,28,8,2,92,2.42,73.68,94,26,68,1.789,0.6,21.05,1.105,Improvement
31,Liverpool FC,GB1,premier-league,England,2022,2022-23,2021-22,38,19,10,9,67,1.76,50,75,47,28,0.737,-0.66,-23.68,-1.052,Decline
31,Liverpool FC,GB1,premier-league,England,2023,2023-24,2022-23,38,24,10,4,82,2.16,63.16,86,41,45,1.184,0.4,13.16,0.447,Improvement
31,Liverpool FC,GB1,premier-league,England,2024,2024-25,2023-24,38,25,9,4,84,2.21,65.79,86,41,45,1.184,0.05,2.63,0,Improvement
1082,LOSC Lille,FR1,ligue-1,France,2020,2020-21,,38,24,11,3,83,2.18,63.16,64,23,41,1.079,,,,No consecutive comparison
1082,LOSC Lille,FR1,ligue-1,France,2021,2021-22,2020-21,38,14,13,11,55,1.45,36.84,48,48,0,0,-0.73,-26.32,-1.079,Decline
1082,LOSC Lille,FR1,ligue-1,France,2022,2022-23,2021-22,38,19,10,9,67,1.76,50,65,44,21,0.553,0.31,13.16,0.553,Improvement
1082,LOSC Lille,FR1,ligue-1,France,2023,2023-24,2022-23,34,16,11,7,59,1.74,47.06,52,34,18,0.529,-0.02,-2.94,-0.024,Decline
1082,LOSC Lille,FR1,ligue-1,France,2024,2024-25,2023-24,34,17,9,8,60,1.76,50,52,36,16,0.471,0.02,2.94,-0.058,Improvement
1031,Luton Town,GB1,premier-league,England,2023,2023-24,,38,6,8,24,26,0.68,15.79,52,85,-33,-0.868,,,,No consecutive comparison
281,Manchester City,GB1,premier-league,England,2020,2020-21,,38,27,5,6,86,2.26,71.05,83,32,51,1.342,,,,No consecutive comparison
281,Manchester City,GB1,premier-league,England,2021,2021-22,2020-21,38,29,6,3,93,2.45,76.32,99,26,73,1.921,0.19,5.27,0.579,Improvement
281,Manchester City,GB1,premier-league,England,2022,2022-23,2021-22,38,28,5,5,89,2.34,73.68,94,33,61,1.605,-0.11,-2.64,-0.316,Decline
281,Manchester City,GB1,premier-league,England,2023,2023-24,2022-23,38,28,7,3,91,2.39,73.68,96,34,62,1.632,0.05,0,0.027,Improvement
281,Manchester City,GB1,premier-league,England,2024,2024-25,2023-24,38,21,8,9,71,1.87,55.26,72,44,28,0.737,-0.52,-18.42,-0.895,Decline
985,Manchester United,GB1,premier-league,England,2020,2020-21,,38,21,11,6,74,1.95,55.26,73,44,29,0.763,,,,No consecutive comparison
985,Manchester United,GB1,premier-league,England,2021,2021-22,2020-21,38,16,10,12,58,1.53,42.11,57,57,0,0,-0.42,-13.15,-0.763,Decline
985,Manchester United,GB1,premier-league,England,2022,2022-23,2021-22,38,23,6,9,75,1.97,60.53,58,43,15,0.395,0.44,18.42,0.395,Improvement
985,Manchester United,GB1,premier-league,England,2023,2023-24,2022-23,38,18,6,14,60,1.58,47.37,57,58,-1,-0.026,-0.39,-13.16,-0.421,Decline
985,Manchester United,GB1,premier-league,England,2024,2024-25,2023-24,38,11,9,18,42,1.11,28.95,44,54,-10,-0.263,-0.47,-18.42,-0.237,Decline
969,Montpellier HSC,FR1,ligue-1,France,2020,2020-21,,38,14,12,12,54,1.42,36.84,60,62,-2,-0.053,,,,No consecutive comparison
969,Montpellier HSC,FR1,ligue-1,France,2021,2021-22,2020-21,38,12,7,19,43,1.13,31.58,49,61,-12,-0.316,-0.29,-5.26,-0.263,Decline
969,Montpellier HSC,FR1,ligue-1,France,2022,2022-23,2021-22,38,15,5,18,50,1.32,39.47,65,62,3,0.079,0.19,7.89,0.395,Improvement
969,Montpellier HSC,FR1,ligue-1,France,2023,2023-24,2022-23,34,10,12,12,42,1.24,29.41,43,48,-5,-0.147,-0.08,-10.06,-0.226,Decline
969,Montpellier HSC,FR1,ligue-1,France,2024,2024-25,2023-24,34,4,4,26,16,0.47,11.76,23,79,-56,-1.647,-0.77,-17.65,-1.5,Decline
762,Newcastle United,GB1,premier-league,England,2020,2020-21,,38,12,9,17,45,1.18,31.58,46,62,-16,-0.421,,,,No consecutive comparison
762,Newcastle United,GB1,premier-league,England,2021,2021-22,2020-21,38,13,10,15,49,1.29,34.21,44,62,-18,-0.474,0.11,2.63,-0.053,Improvement
762,Newcastle United,GB1,premier-league,England,2022,2022-23,2021-22,38,19,14,5,71,1.87,50,68,33,35,0.921,0.58,15.79,1.395,Improvement
762,Newcastle United,GB1,premier-league,England,2023,2023-24,2022-23,38,18,6,14,60,1.58,47.37,85,62,23,0.605,-0.29,-2.63,-0.316,Decline
762,Newcastle United,GB1,premier-league,England,2024,2024-25,2023-24,38,20,6,12,66,1.74,52.63,68,47,21,0.553,0.16,5.26,-0.052,Improvement
1160,Nîmes Olympique,FR1,ligue-1,France,2020,2020-21,,38,9,8,21,35,0.92,23.68,40,71,-31,-0.816,,,,No consecutive comparison
1123,Norwich City,GB1,premier-league,England,2021,2021-22,,38,5,7,26,22,0.58,13.16,23,84,-61,-1.605,,,,No consecutive comparison
703,Nottingham Forest,GB1,premier-league,England,2022,2022-23,,38,9,11,18,38,1,23.68,38,68,-30,-0.789,,,,No consecutive comparison
703,Nottingham Forest,GB1,premier-league,England,2023,2023-24,2022-23,38,9,9,20,36,0.95,23.68,49,67,-18,-0.474,-0.05,0,0.315,Decline
703,Nottingham Forest,GB1,premier-league,England,2024,2024-25,2023-24,38,19,8,11,65,1.71,50,58,46,12,0.316,0.76,26.32,0.79,Improvement
417,OGC Nice,FR1,ligue-1,France,2020,2020-21,,38,15,7,16,52,1.37,39.47,50,53,-3,-0.079,,,,No consecutive comparison
417,OGC Nice,FR1,ligue-1,France,2021,2021-22,2020-21,38,20,7,11,67,1.76,52.63,52,36,16,0.421,0.39,13.16,0.5,Improvement
417,OGC Nice,FR1,ligue-1,France,2022,2022-23,2021-22,38,15,13,10,58,1.53,39.47,48,37,11,0.289,-0.23,-13.16,-0.132,Decline
417,OGC Nice,FR1,ligue-1,France,2023,2023-24,2022-23,34,15,10,9,55,1.62,44.12,40,29,11,0.324,0.09,4.65,0.035,Improvement
417,OGC Nice,FR1,ligue-1,France,2024,2024-25,2023-24,34,17,9,8,60,1.76,50,66,41,25,0.735,0.14,5.88,0.411,Improvement
1041,Olympique Lyon,FR1,ligue-1,France,2020,2020-21,,38,22,10,6,76,2,57.89,81,43,38,1,,,,No consecutive comparison
1041,Olympique Lyon,FR1,ligue-1,France,2021,2021-22,2020-21,38,17,11,10,62,1.63,44.74,66,51,15,0.395,-0.37,-13.15,-0.605,Decline
1041,Olympique Lyon,FR1,ligue-1,France,2022,2022-23,2021-22,38,18,8,12,62,1.63,47.37,65,47,18,0.474,0,2.63,0.079,No change
1041,Olympique Lyon,FR1,ligue-1,France,2023,2023-24,2022-23,34,16,5,13,53,1.56,47.06,49,55,-6,-0.176,-0.07,-0.31,-0.65,Decline
1041,Olympique Lyon,FR1,ligue-1,France,2024,2024-25,2023-24,34,17,6,11,57,1.68,50,65,46,19,0.559,0.12,2.94,0.735,Improvement
244,Olympique Marseille,FR1,ligue-1,France,2020,2020-21,,38,16,12,10,60,1.58,42.11,54,47,7,0.184,,,,No consecutive comparison
244,Olympique Marseille,FR1,ligue-1,France,2021,2021-22,2020-21,38,21,8,9,71,1.87,55.26,63,38,25,0.658,0.29,13.15,0.474,Improvement
244,Olympique Marseille,FR1,ligue-1,France,2022,2022-23,2021-22,38,22,7,9,73,1.92,57.89,67,40,27,0.711,0.05,2.63,0.053,Improvement
244,Olympique Marseille,FR1,ligue-1,France,2023,2023-24,2022-23,34,13,11,10,50,1.47,38.24,52,41,11,0.324,-0.45,-19.65,-0.387,Decline
244,Olympique Marseille,FR1,ligue-1,France,2024,2024-25,2023-24,34,20,5,9,65,1.91,58.82,74,47,27,0.794,0.44,20.58,0.47,Improvement
583,Paris Saint-Germain,FR1,ligue-1,France,2020,2020-21,,38,26,4,8,82,2.16,68.42,86,28,58,1.526,,,,No consecutive comparison
583,Paris Saint-Germain,FR1,ligue-1,France,2021,2021-22,2020-21,38,26,8,4,86,2.26,68.42,90,36,54,1.421,0.1,0,-0.105,Improvement
583,Paris Saint-Germain,FR1,ligue-1,France,2022,2022-23,2021-22,38,27,4,7,85,2.24,71.05,89,40,49,1.289,-0.02,2.63,-0.132,Decline
583,Paris Saint-Germain,FR1,ligue-1,France,2023,2023-24,2022-23,34,22,10,2,76,2.24,64.71,81,33,48,1.412,0,-6.34,0.123,No change
583,Paris Saint-Germain,FR1,ligue-1,France,2024,2024-25,2023-24,34,26,6,2,84,2.47,76.47,92,35,57,1.676,0.23,11.76,0.264,Improvement
130,Parma Calcio 1913,IT1,serie-a,Italy,2020,2020-21,,38,3,11,24,20,0.53,7.89,39,83,-44,-1.158,,,,No consecutive comparison
130,Parma Calcio 1913,IT1,serie-a,Italy,2024,2024-25,2020-21,38,7,15,16,36,0.95,18.42,44,58,-14,-0.368,,,,No consecutive comparison
367,Rayo Vallecano,ES1,laliga,Spain,2021,2021-22,,38,11,9,18,42,1.11,28.95,39,50,-11,-0.289,,,,No consecutive comparison
367,Rayo Vallecano,ES1,laliga,Spain,2022,2022-23,2021-22,38,13,10,15,49,1.29,34.21,45,53,-8,-0.211,0.18,5.26,0.078,Improvement
367,Rayo Vallecano,ES1,laliga,Spain,2023,2023-24,2022-23,38,8,14,16,38,1,21.05,29,48,-19,-0.5,-0.29,-13.16,-0.289,Decline
367,Rayo Vallecano,ES1,laliga,Spain,2024,2024-25,2023-24,38,13,13,12,52,1.37,34.21,41,45,-4,-0.105,0.37,13.16,0.395,Improvement
23826,RB Leipzig,L1,bundesliga,Germany,2020,2020-21,,34,19,8,7,65,1.91,55.88,60,32,28,0.824,,,,No consecutive comparison
23826,RB Leipzig,L1,bundesliga,Germany,2021,2021-22,2020-21,34,17,7,10,58,1.71,50,72,37,35,1.029,-0.2,-5.88,0.205,Decline
23826,RB Leipzig,L1,bundesliga,Germany,2022,2022-23,2021-22,34,20,6,8,66,1.94,58.82,64,41,23,0.676,0.23,8.82,-0.353,Improvement
23826,RB Leipzig,L1,bundesliga,Germany,2023,2023-24,2022-23,34,19,8,7,65,1.91,55.88,77,39,38,1.118,-0.03,-2.94,0.442,Decline
23826,RB Leipzig,L1,bundesliga,Germany,2024,2024-25,2023-24,34,13,12,9,51,1.5,38.24,53,48,5,0.147,-0.41,-17.64,-0.971,Decline
826,RC Lens,FR1,ligue-1,France,2020,2020-21,,38,15,12,11,57,1.5,39.47,55,54,1,0.026,,,,No consecutive comparison
826,RC Lens,FR1,ligue-1,France,2021,2021-22,2020-21,38,17,11,10,62,1.63,44.74,62,48,14,0.368,0.13,5.27,0.342,Improvement
826,RC Lens,FR1,ligue-1,France,2022,2022-23,2021-22,38,25,9,4,84,2.21,65.79,68,29,39,1.026,0.58,21.05,0.658,Improvement
826,RC Lens,FR1,ligue-1,France,2023,2023-24,2022-23,34,14,9,11,51,1.5,41.18,45,37,8,0.235,-0.71,-24.61,-0.791,Decline
826,RC Lens,FR1,ligue-1,France,2024,2024-25,2023-24,34,15,7,12,52,1.53,44.12,42,39,3,0.088,0.03,2.94,-0.147,Improvement
667,RC Strasbourg Alsace,FR1,ligue-1,France,2020,2020-21,,38,11,9,18,42,1.11,28.95,49,58,-9,-0.237,,,,No consecutive comparison
667,RC Strasbourg Alsace,FR1,ligue-1,France,2021,2021-22,2020-21,38,17,12,9,63,1.66,44.74,60,43,17,0.447,0.55,15.79,0.684,Improvement
667,RC Strasbourg Alsace,FR1,ligue-1,France,2022,2022-23,2021-22,38,9,13,16,40,1.05,23.68,51,59,-8,-0.211,-0.61,-21.06,-0.658,Decline
667,RC Strasbourg Alsace,FR1,ligue-1,France,2023,2023-24,2022-23,34,10,9,15,39,1.15,29.41,38,50,-12,-0.353,0.1,5.73,-0.142,Improvement
667,RC Strasbourg Alsace,FR1,ligue-1,France,2024,2024-25,2023-24,34,16,9,9,57,1.68,47.06,56,44,12,0.353,0.53,17.65,0.706,Improvement
714,RCD Espanyol Barcelona,ES1,laliga,Spain,2021,2021-22,,38,10,12,16,42,1.11,26.32,40,53,-13,-0.342,,,,No consecutive comparison
714,RCD Espanyol Barcelona,ES1,laliga,Spain,2022,2022-23,2021-22,38,8,13,17,37,0.97,21.05,52,69,-17,-0.447,-0.14,-5.27,-0.105,Decline
714,RCD Espanyol Barcelona,ES1,laliga,Spain,2024,2024-25,2022-23,38,11,9,18,42,1.11,28.95,40,51,-11,-0.289,,,,No consecutive comparison
237,RCD Mallorca,ES1,laliga,Spain,2021,2021-22,,38,10,9,19,39,1.03,26.32,36,63,-27,-0.711,,,,No consecutive comparison
237,RCD Mallorca,ES1,laliga,Spain,2022,2022-23,2021-22,38,14,8,16,50,1.32,36.84,37,43,-6,-0.158,0.29,10.52,0.553,Improvement
237,RCD Mallorca,ES1,laliga,Spain,2023,2023-24,2022-23,38,8,16,14,40,1.05,21.05,33,44,-11,-0.289,-0.27,-15.79,-0.131,Decline
237,RCD Mallorca,ES1,laliga,Spain,2024,2024-25,2023-24,38,13,9,16,48,1.26,34.21,35,44,-9,-0.237,0.21,13.16,0.052,Improvement
150,Real Betis Balompié,ES1,laliga,Spain,2020,2020-21,,38,17,10,11,61,1.61,44.74,50,50,0,0,,,,No consecutive comparison
150,Real Betis Balompié,ES1,laliga,Spain,2021,2021-22,2020-21,38,19,8,11,65,1.71,50,62,40,22,0.579,0.1,5.26,0.579,Improvement
150,Real Betis Balompié,ES1,laliga,Spain,2022,2022-23,2021-22,38,17,9,12,60,1.58,44.74,46,41,5,0.132,-0.13,-5.26,-0.447,Decline
150,Real Betis Balompié,ES1,laliga,Spain,2023,2023-24,2022-23,38,14,15,9,57,1.5,36.84,48,45,3,0.079,-0.08,-7.9,-0.053,Decline
150,Real Betis Balompié,ES1,laliga,Spain,2024,2024-25,2023-24,38,16,12,10,60,1.58,42.11,57,50,7,0.184,0.08,5.27,0.105,Improvement
418,Real Madrid,ES1,laliga,Spain,2020,2020-21,,38,25,9,4,84,2.21,65.79,67,28,39,1.026,,,,No consecutive comparison
418,Real Madrid,ES1,laliga,Spain,2021,2021-22,2020-21,38,26,8,4,86,2.26,68.42,80,31,49,1.289,0.05,2.63,0.263,Improvement
418,Real Madrid,ES1,laliga,Spain,2022,2022-23,2021-22,38,24,6,8,78,2.05,63.16,75,36,39,1.026,-0.21,-5.26,-0.263,Decline
418,Real Madrid,ES1,laliga,Spain,2023,2023-24,2022-23,38,29,8,1,95,2.5,76.32,87,26,61,1.605,0.45,13.16,0.579,Improvement
418,Real Madrid,ES1,laliga,Spain,2024,2024-25,2023-24,38,26,6,6,84,2.21,68.42,78,38,40,1.053,-0.29,-7.9,-0.552,Decline
681,Real Sociedad,ES1,laliga,Spain,2020,2020-21,,38,17,11,10,62,1.63,44.74,59,38,21,0.553,,,,No consecutive comparison
681,Real Sociedad,ES1,laliga,Spain,2021,2021-22,2020-21,38,17,11,10,62,1.63,44.74,40,37,3,0.079,0,0,-0.474,No change
681,Real Sociedad,ES1,laliga,Spain,2022,2022-23,2021-22,38,21,8,9,71,1.87,55.26,51,35,16,0.421,0.24,10.52,0.342,Improvement
681,Real Sociedad,ES1,laliga,Spain,2023,2023-24,2022-23,38,16,12,10,60,1.58,42.11,51,39,12,0.316,-0.29,-13.15,-0.105,Decline
681,Real Sociedad,ES1,laliga,Spain,2024,2024-25,2023-24,38,13,7,18,46,1.21,34.21,35,46,-11,-0.289,-0.37,-7.9,-0.605,Decline
366,Real Valladolid CF,ES1,laliga,Spain,2020,2020-21,,38,5,16,17,31,0.82,13.16,34,57,-23,-0.605,,,,No consecutive comparison
366,Real Valladolid CF,ES1,laliga,Spain,2022,2022-23,2020-21,38,11,7,20,40,1.05,28.95,33,63,-30,-0.789,,,,No consecutive comparison
366,Real Valladolid CF,ES1,laliga,Spain,2024,2024-25,2022-23,38,4,4,30,16,0.42,10.53,26,90,-64,-1.684,,,,No consecutive comparison
60,SC Freiburg,L1,bundesliga,Germany,2020,2020-21,,34,12,9,13,45,1.32,35.29,52,52,0,0,,,,No consecutive comparison
60,SC Freiburg,L1,bundesliga,Germany,2021,2021-22,2020-21,34,15,10,9,55,1.62,44.12,58,46,12,0.353,0.3,8.83,0.353,Improvement
60,SC Freiburg,L1,bundesliga,Germany,2022,2022-23,2021-22,34,17,8,9,59,1.74,50,51,44,7,0.206,0.12,5.88,-0.147,Improvement
60,SC Freiburg,L1,bundesliga,Germany,2023,2023-24,2022-23,34,11,9,14,42,1.24,32.35,45,58,-13,-0.382,-0.5,-17.65,-0.588,Decline
60,SC Freiburg,L1,bundesliga,Germany,2024,2024-25,2023-24,34,16,7,11,55,1.62,47.06,49,53,-4,-0.118,0.38,14.71,0.264,Improvement
1533,SD Eibar,ES1,laliga,Spain,2020,2020-21,,38,6,12,20,30,0.79,15.79,29,52,-23,-0.605,,,,No consecutive comparison
5358,SD Huesca,ES1,laliga,Spain,2020,2020-21,,38,7,13,18,34,0.89,18.42,34,53,-19,-0.5,,,,No consecutive comparison
368,Sevilla FC,ES1,laliga,Spain,2020,2020-21,,38,24,5,9,77,2.03,63.16,53,33,20,0.526,,,,No consecutive comparison
368,Sevilla FC,ES1,laliga,Spain,2021,2021-22,2020-21,38,18,16,4,70,1.84,47.37,53,30,23,0.605,-0.19,-15.79,0.079,Decline
368,Sevilla FC,ES1,laliga,Spain,2022,2022-23,2021-22,38,13,10,15,49,1.29,34.21,47,54,-7,-0.184,-0.55,-13.16,-0.789,Decline
368,Sevilla FC,ES1,laliga,Spain,2023,2023-24,2022-23,38,10,11,17,41,1.08,26.32,48,54,-6,-0.158,-0.21,-7.89,0.026,Decline
368,Sevilla FC,ES1,laliga,Spain,2024,2024-25,2023-24,38,10,11,17,41,1.08,26.32,42,55,-13,-0.342,0,0,-0.184,No change
350,Sheffield United,GB1,premier-league,England,2020,2020-21,,38,7,2,29,23,0.61,18.42,20,63,-43,-1.132,,,,No consecutive comparison
350,Sheffield United,GB1,premier-league,England,2023,2023-24,2020-21,38,3,7,28,16,0.42,7.89,35,104,-69,-1.816,,,,No consecutive comparison
398,Società Sportiva Lazio S.p.A.,IT1,serie-a,Italy,2020,2020-21,,38,21,5,12,68,1.79,55.26,61,55,6,0.158,,,,No consecutive comparison
398,Società Sportiva Lazio S.p.A.,IT1,serie-a,Italy,2021,2021-22,2020-21,38,18,10,10,64,1.68,47.37,77,58,19,0.5,-0.11,-7.89,0.342,Decline
398,Società Sportiva Lazio S.p.A.,IT1,serie-a,Italy,2022,2022-23,2021-22,38,22,8,8,74,1.95,57.89,60,30,30,0.789,0.27,10.52,0.289,Improvement
398,Società Sportiva Lazio S.p.A.,IT1,serie-a,Italy,2023,2023-24,2022-23,38,18,7,13,61,1.61,47.37,49,39,10,0.263,-0.34,-10.52,-0.526,Decline
398,Società Sportiva Lazio S.p.A.,IT1,serie-a,Italy,2024,2024-25,2023-24,38,18,11,9,65,1.71,47.37,61,49,12,0.316,0.1,0,0.053,Improvement
180,Southampton FC,GB1,premier-league,England,2020,2020-21,,38,12,7,19,43,1.13,31.58,47,68,-21,-0.553,,,,No consecutive comparison
180,Southampton FC,GB1,premier-league,England,2021,2021-22,2020-21,38,9,13,16,40,1.05,23.68,43,67,-24,-0.632,-0.08,-7.9,-0.079,Decline
180,Southampton FC,GB1,premier-league,England,2022,2022-23,2021-22,38,6,7,25,25,0.66,15.79,36,73,-37,-0.974,-0.39,-7.89,-0.342,Decline
180,Southampton FC,GB1,premier-league,England,2024,2024-25,2022-23,38,2,6,30,12,0.32,5.26,26,86,-60,-1.579,,,,No consecutive comparison
3522,Spezia Calcio,IT1,serie-a,Italy,2020,2020-21,,38,9,12,17,39,1.03,23.68,52,72,-20,-0.526,,,,No consecutive comparison
3522,Spezia Calcio,IT1,serie-a,Italy,2021,2021-22,2020-21,38,10,6,22,36,0.95,26.32,41,71,-30,-0.789,-0.08,2.64,-0.263,Decline
3522,Spezia Calcio,IT1,serie-a,Italy,2022,2022-23,2021-22,38,6,13,19,31,0.82,15.79,31,62,-31,-0.816,-0.13,-10.53,-0.027,Decline
65,SpVgg Greuther Fürth,L1,bundesliga,Germany,2021,2021-22,,34,3,9,22,18,0.53,8.82,28,82,-54,-1.588,,,,No consecutive comparison
6195,SSC Napoli,IT1,serie-a,Italy,2020,2020-21,,38,24,5,9,77,2.03,63.16,86,41,45,1.184,,,,No consecutive comparison
6195,SSC Napoli,IT1,serie-a,Italy,2021,2021-22,2020-21,38,24,7,7,79,2.08,63.16,74,31,43,1.132,0.05,0,-0.052,Improvement
6195,SSC Napoli,IT1,serie-a,Italy,2022,2022-23,2021-22,38,28,6,4,90,2.37,73.68,77,28,49,1.289,0.29,10.52,0.157,Improvement
6195,SSC Napoli,IT1,serie-a,Italy,2023,2023-24,2022-23,38,13,14,11,53,1.39,34.21,55,48,7,0.184,-0.98,-39.47,-1.105,Decline
6195,SSC Napoli,IT1,serie-a,Italy,2024,2024-25,2023-24,38,24,10,4,82,2.16,63.16,59,27,32,0.842,0.77,28.95,0.658,Improvement
3911,Stade Brestois 29,FR1,ligue-1,France,2020,2020-21,,38,11,8,19,41,1.08,28.95,50,66,-16,-0.421,,,,No consecutive comparison
3911,Stade Brestois 29,FR1,ligue-1,France,2021,2021-22,2020-21,38,13,9,16,48,1.26,34.21,49,57,-8,-0.211,0.18,5.26,0.21,Improvement
3911,Stade Brestois 29,FR1,ligue-1,France,2022,2022-23,2021-22,38,11,11,16,44,1.16,28.95,44,54,-10,-0.263,-0.1,-5.26,-0.052,Decline
3911,Stade Brestois 29,FR1,ligue-1,France,2023,2023-24,2022-23,34,17,10,7,61,1.79,50,53,34,19,0.559,0.63,21.05,0.822,Improvement
3911,Stade Brestois 29,FR1,ligue-1,France,2024,2024-25,2023-24,34,15,5,14,50,1.47,44.12,52,59,-7,-0.206,-0.32,-5.88,-0.765,Decline
1421,Stade Reims,FR1,ligue-1,France,2020,2020-21,,38,9,15,14,42,1.11,23.68,42,50,-8,-0.211,,,,No consecutive comparison
1421,Stade Reims,FR1,ligue-1,France,2021,2021-22,2020-21,38,11,13,14,46,1.21,28.95,43,44,-1,-0.026,0.1,5.27,0.185,Improvement
1421,Stade Reims,FR1,ligue-1,France,2022,2022-23,2021-22,38,12,15,11,51,1.34,31.58,45,45,0,0,0.13,2.63,0.026,Improvement
1421,Stade Reims,FR1,ligue-1,France,2023,2023-24,2022-23,34,13,8,13,47,1.38,38.24,42,47,-5,-0.147,0.04,6.66,-0.147,Improvement
1421,Stade Reims,FR1,ligue-1,France,2024,2024-25,2023-24,34,8,9,17,33,0.97,23.53,33,47,-14,-0.412,-0.41,-14.71,-0.265,Decline
273,Stade Rennais FC,FR1,ligue-1,France,2020,2020-21,,38,16,10,12,58,1.53,42.11,52,40,12,0.316,,,,No consecutive comparison
273,Stade Rennais FC,FR1,ligue-1,France,2021,2021-22,2020-21,38,20,6,12,66,1.74,52.63,82,40,42,1.105,0.21,10.52,0.789,Improvement
273,Stade Rennais FC,FR1,ligue-1,France,2022,2022-23,2021-22,38,21,5,12,68,1.79,55.26,69,39,30,0.789,0.05,2.63,-0.316,Improvement
273,Stade Rennais FC,FR1,ligue-1,France,2023,2023-24,2022-23,34,12,10,12,46,1.35,35.29,53,46,7,0.206,-0.44,-19.97,-0.583,Decline
273,Stade Rennais FC,FR1,ligue-1,France,2024,2024-25,2023-24,34,13,2,19,41,1.21,38.24,51,50,1,0.029,-0.14,2.95,-0.177,Decline
105,SV Darmstadt 98,L1,bundesliga,Germany,2023,2023-24,,34,3,8,23,17,0.5,8.82,30,86,-56,-1.647,,,,No consecutive comparison
86,SV Werder Bremen,L1,bundesliga,Germany,2020,2020-21,,34,7,10,17,31,0.91,20.59,36,57,-21,-0.618,,,,No consecutive comparison
86,SV Werder Bremen,L1,bundesliga,Germany,2022,2022-23,2020-21,34,10,6,18,36,1.06,29.41,51,64,-13,-0.382,,,,No consecutive comparison
86,SV Werder Bremen,L1,bundesliga,Germany,2023,2023-24,2022-23,34,11,9,14,42,1.24,32.35,48,54,-6,-0.176,0.18,2.94,0.206,Improvement
86,SV Werder Bremen,L1,bundesliga,Germany,2024,2024-25,2023-24,34,14,9,11,51,1.5,41.18,54,57,-3,-0.088,0.26,8.83,0.088,Improvement
416,Torino FC,IT1,serie-a,Italy,2020,2020-21,,38,7,16,15,37,0.97,18.42,50,69,-19,-0.5,,,,No consecutive comparison
416,Torino FC,IT1,serie-a,Italy,2021,2021-22,2020-21,38,13,11,14,50,1.32,34.21,46,41,5,0.132,0.35,15.79,0.632,Improvement
416,Torino FC,IT1,serie-a,Italy,2022,2022-23,2021-22,38,14,11,13,53,1.39,36.84,42,41,1,0.026,0.07,2.63,-0.106,Improvement
416,Torino FC,IT1,serie-a,Italy,2023,2023-24,2022-23,38,13,14,11,53,1.39,34.21,36,36,0,0,0,-2.63,-0.026,No change
416,Torino FC,IT1,serie-a,Italy,2024,2024-25,2023-24,38,10,14,14,44,1.16,26.32,39,45,-6,-0.158,-0.23,-7.89,-0.158,Decline
148,Tottenham Hotspur,GB1,premier-league,England,2020,2020-21,,38,18,8,12,62,1.63,47.37,68,45,23,0.605,,,,No consecutive comparison
148,Tottenham Hotspur,GB1,premier-league,England,2021,2021-22,2020-21,38,22,5,11,71,1.87,57.89,69,40,29,0.763,0.24,10.52,0.158,Improvement
148,Tottenham Hotspur,GB1,premier-league,England,2022,2022-23,2021-22,38,18,6,14,60,1.58,47.37,70,63,7,0.184,-0.29,-10.52,-0.579,Decline
148,Tottenham Hotspur,GB1,premier-league,England,2023,2023-24,2022-23,38,20,6,12,66,1.74,52.63,74,61,13,0.342,0.16,5.26,0.158,Improvement
148,Tottenham Hotspur,GB1,premier-league,England,2024,2024-25,2023-24,38,11,5,22,38,1,28.95,64,65,-1,-0.026,-0.74,-23.68,-0.368,Decline
533,TSG 1899 Hoffenheim,L1,bundesliga,Germany,2020,2020-21,,34,11,10,13,43,1.26,32.35,52,54,-2,-0.059,,,,No consecutive comparison
533,TSG 1899 Hoffenheim,L1,bundesliga,Germany,2021,2021-22,2020-21,34,13,7,14,46,1.35,38.24,58,60,-2,-0.059,0.09,5.89,0,Improvement
533,TSG 1899 Hoffenheim,L1,bundesliga,Germany,2022,2022-23,2021-22,34,10,6,18,36,1.06,29.41,48,57,-9,-0.265,-0.29,-8.83,-0.206,Decline
533,TSG 1899 Hoffenheim,L1,bundesliga,Germany,2023,2023-24,2022-23,34,13,7,14,46,1.35,38.24,66,66,0,0,0.29,8.83,0.265,Improvement
533,TSG 1899 Hoffenheim,L1,bundesliga,Germany,2024,2024-25,2023-24,34,7,11,16,32,0.94,20.59,46,68,-22,-0.647,-0.41,-17.65,-0.647,Decline
1038,UC Sampdoria,IT1,serie-a,Italy,2020,2020-21,,38,15,7,16,52,1.37,39.47,52,54,-2,-0.053,,,,No consecutive comparison
1038,UC Sampdoria,IT1,serie-a,Italy,2021,2021-22,2020-21,38,10,6,22,36,0.95,26.32,46,63,-17,-0.447,-0.42,-13.15,-0.394,Decline
1038,UC Sampdoria,IT1,serie-a,Italy,2022,2022-23,2021-22,38,3,10,25,19,0.5,7.89,24,71,-47,-1.237,-0.45,-18.43,-0.79,Decline
3302,UD Almería,ES1,laliga,Spain,2022,2022-23,,38,11,8,19,41,1.08,28.95,49,65,-16,-0.421,,,,No consecutive comparison
3302,UD Almería,ES1,laliga,Spain,2023,2023-24,2022-23,38,3,12,23,21,0.55,7.89,43,75,-32,-0.842,-0.53,-21.06,-0.421,Decline
472,UD Las Palmas,ES1,laliga,Spain,2023,2023-24,,38,10,10,18,40,1.05,26.32,33,47,-14,-0.368,,,,No consecutive comparison
472,UD Las Palmas,ES1,laliga,Spain,2024,2024-25,2023-24,38,8,8,22,32,0.84,21.05,40,61,-21,-0.553,-0.21,-5.27,-0.185,Decline
410,Udinese Calcio,IT1,serie-a,Italy,2020,2020-21,,38,10,10,18,40,1.05,26.32,42,58,-16,-0.421,,,,No consecutive comparison
410,Udinese Calcio,IT1,serie-a,Italy,2021,2021-22,2020-21,38,11,14,13,47,1.24,28.95,61,58,3,0.079,0.19,2.63,0.5,Improvement
410,Udinese Calcio,IT1,serie-a,Italy,2022,2022-23,2021-22,38,11,13,14,46,1.21,28.95,47,48,-1,-0.026,-0.03,0,-0.105,Decline
410,Udinese Calcio,IT1,serie-a,Italy,2023,2023-24,2022-23,38,6,19,13,37,0.97,15.79,37,53,-16,-0.421,-0.24,-13.16,-0.395,Decline
410,Udinese Calcio,IT1,serie-a,Italy,2024,2024-25,2023-24,38,12,8,18,44,1.16,31.58,41,56,-15,-0.395,0.19,15.79,0.026,Improvement
2239,US Cremonese,IT1,serie-a,Italy,2022,2022-23,,38,5,12,21,27,0.71,13.16,36,69,-33,-0.868,,,,No consecutive comparison
1005,US Lecce,IT1,serie-a,Italy,2022,2022-23,,38,8,12,18,36,0.95,21.05,33,46,-13,-0.342,,,,No consecutive comparison
1005,US Lecce,IT1,serie-a,Italy,2023,2023-24,2022-23,38,8,14,16,38,1,21.05,32,54,-22,-0.579,0.05,0,-0.237,Improvement
1005,US Lecce,IT1,serie-a,Italy,2024,2024-25,2023-24,38,8,10,20,34,0.89,21.05,27,58,-31,-0.816,-0.11,0,-0.237,Decline
380,US Salernitana 1919,IT1,serie-a,Italy,2021,2021-22,,38,7,10,21,31,0.82,18.42,33,78,-45,-1.184,,,,No consecutive comparison
380,US Salernitana 1919,IT1,serie-a,Italy,2022,2022-23,2021-22,38,9,15,14,42,1.11,23.68,48,62,-14,-0.368,0.29,5.26,0.816,Improvement
380,US Salernitana 1919,IT1,serie-a,Italy,2023,2023-24,2022-23,38,2,11,25,17,0.45,5.26,32,81,-49,-1.289,-0.66,-18.42,-0.921,Decline
6574,US Sassuolo,IT1,serie-a,Italy,2020,2020-21,,38,17,11,10,62,1.63,44.74,64,56,8,0.211,,,,No consecutive comparison
6574,US Sassuolo,IT1,serie-a,Italy,2021,2021-22,2020-21,38,13,11,14,50,1.32,34.21,64,66,-2,-0.053,-0.31,-10.53,-0.264,Decline
6574,US Sassuolo,IT1,serie-a,Italy,2022,2022-23,2021-22,38,12,9,17,45,1.18,31.58,47,61,-14,-0.368,-0.14,-2.63,-0.315,Decline
6574,US Sassuolo,IT1,serie-a,Italy,2023,2023-24,2022-23,38,7,9,22,30,0.79,18.42,43,75,-32,-0.842,-0.39,-13.16,-0.474,Decline
1049,Valencia CF,ES1,laliga,Spain,2020,2020-21,,38,10,13,15,43,1.13,26.32,50,53,-3,-0.079,,,,No consecutive comparison
1049,Valencia CF,ES1,laliga,Spain,2021,2021-22,2020-21,38,11,15,12,48,1.26,28.95,48,53,-5,-0.132,0.13,2.63,-0.053,Improvement
1049,Valencia CF,ES1,laliga,Spain,2022,2022-23,2021-22,38,11,9,18,42,1.11,28.95,42,45,-3,-0.079,-0.15,0,0.053,Decline
1049,Valencia CF,ES1,laliga,Spain,2023,2023-24,2022-23,38,13,10,15,49,1.29,34.21,40,45,-5,-0.132,0.18,5.26,-0.053,Improvement
1049,Valencia CF,ES1,laliga,Spain,2024,2024-25,2023-24,38,11,13,14,46,1.21,28.95,44,54,-10,-0.263,-0.08,-5.26,-0.131,Decline
607,Venezia FC,IT1,serie-a,Italy,2021,2021-22,,38,6,9,23,27,0.71,15.79,34,69,-35,-0.921,,,,No consecutive comparison
607,Venezia FC,IT1,serie-a,Italy,2024,2024-25,2021-22,38,5,14,19,29,0.76,13.16,32,56,-24,-0.632,,,,No consecutive comparison
79,VfB Stuttgart,L1,bundesliga,Germany,2020,2020-21,,34,12,9,13,45,1.32,35.29,56,55,1,0.029,,,,No consecutive comparison
79,VfB Stuttgart,L1,bundesliga,Germany,2021,2021-22,2020-21,34,7,12,15,33,0.97,20.59,41,59,-18,-0.529,-0.35,-14.7,-0.558,Decline
79,VfB Stuttgart,L1,bundesliga,Germany,2022,2022-23,2021-22,34,7,12,15,33,0.97,20.59,45,57,-12,-0.353,0,0,0.176,No change
79,VfB Stuttgart,L1,bundesliga,Germany,2023,2023-24,2022-23,34,23,4,7,73,2.15,67.65,78,39,39,1.147,1.18,47.06,1.5,Improvement
79,VfB Stuttgart,L1,bundesliga,Germany,2024,2024-25,2023-24,34,14,8,12,50,1.47,41.18,64,53,11,0.324,-0.68,-26.47,-0.823,Decline
80,VfL Bochum,L1,bundesliga,Germany,2021,2021-22,,34,12,6,16,42,1.24,35.29,38,52,-14,-0.412,,,,No consecutive comparison
80,VfL Bochum,L1,bundesliga,Germany,2022,2022-23,2021-22,34,10,5,19,35,1.03,29.41,40,72,-32,-0.941,-0.21,-5.88,-0.529,Decline
80,VfL Bochum,L1,bundesliga,Germany,2023,2023-24,2022-23,34,7,12,15,33,0.97,20.59,42,74,-32,-0.941,-0.06,-8.82,0,Decline
80,VfL Bochum,L1,bundesliga,Germany,2024,2024-25,2023-24,34,6,7,21,25,0.74,17.65,33,67,-34,-1,-0.23,-2.94,-0.059,Decline
82,VfL Wolfsburg,L1,bundesliga,Germany,2020,2020-21,,34,17,10,7,61,1.79,50,61,37,24,0.706,,,,No consecutive comparison
82,VfL Wolfsburg,L1,bundesliga,Germany,2021,2021-22,2020-21,34,12,6,16,42,1.24,35.29,43,54,-11,-0.324,-0.55,-14.71,-1.03,Decline
82,VfL Wolfsburg,L1,bundesliga,Germany,2022,2022-23,2021-22,34,13,10,11,49,1.44,38.24,57,48,9,0.265,0.2,2.95,0.589,Improvement
82,VfL Wolfsburg,L1,bundesliga,Germany,2023,2023-24,2022-23,34,10,7,17,37,1.09,29.41,41,56,-15,-0.441,-0.35,-8.83,-0.706,Decline
82,VfL Wolfsburg,L1,bundesliga,Germany,2024,2024-25,2023-24,34,11,10,13,43,1.26,32.35,56,54,2,0.059,0.17,2.94,0.5,Improvement
1050,Villarreal CF,ES1,laliga,Spain,2020,2020-21,,38,15,13,10,58,1.53,39.47,60,44,16,0.421,,,,No consecutive comparison
1050,Villarreal CF,ES1,laliga,Spain,2021,2021-22,2020-21,38,16,11,11,59,1.55,42.11,63,37,26,0.684,0.02,2.64,0.263,Improvement
1050,Villarreal CF,ES1,laliga,Spain,2022,2022-23,2021-22,38,19,7,12,64,1.68,50,59,40,19,0.5,0.13,7.89,-0.184,Improvement
1050,Villarreal CF,ES1,laliga,Spain,2023,2023-24,2022-23,38,14,11,13,53,1.39,36.84,65,65,0,0,-0.29,-13.16,-0.5,Decline
1050,Villarreal CF,ES1,laliga,Spain,2024,2024-25,2023-24,38,20,10,8,70,1.84,52.63,71,51,20,0.526,0.45,15.79,0.526,Improvement
1010,Watford FC,GB1,premier-league,England,2021,2021-22,,38,6,5,27,23,0.61,15.79,34,77,-43,-1.132,,,,No consecutive comparison
984,West Bromwich Albion,GB1,premier-league,England,2020,2020-21,,38,5,11,22,26,0.68,13.16,35,76,-41,-1.079,,,,No consecutive comparison
379,West Ham United,GB1,premier-league,England,2020,2020-21,,38,19,8,11,65,1.71,50,62,47,15,0.395,,,,No consecutive comparison
379,West Ham United,GB1,premier-league,England,2021,2021-22,2020-21,38,16,8,14,56,1.47,42.11,60,51,9,0.237,-0.24,-7.89,-0.158,Decline
379,West Ham United,GB1,premier-league,England,2022,2022-23,2021-22,38,11,7,20,40,1.05,28.95,42,55,-13,-0.342,-0.42,-13.16,-0.579,Decline
379,West Ham United,GB1,premier-league,England,2023,2023-24,2022-23,38,14,10,14,52,1.37,36.84,60,74,-14,-0.368,0.32,7.89,-0.026,Improvement
379,West Ham United,GB1,premier-league,England,2024,2024-25,2023-24,38,11,10,17,43,1.13,28.95,46,62,-16,-0.421,-0.24,-7.89,-0.053,Decline
543,Wolverhampton Wanderers,GB1,premier-league,England,2020,2020-21,,38,12,9,17,45,1.18,31.58,36,52,-16,-0.421,,,,No consecutive comparison
543,Wolverhampton Wanderers,GB1,premier-league,England,2021,2021-22,2020-21,38,15,6,17,51,1.34,39.47,38,43,-5,-0.132,0.16,7.89,0.289,Improvement
543,Wolverhampton Wanderers,GB1,premier-league,England,2022,2022-23,2021-22,38,11,8,19,41,1.08,28.95,31,58,-27,-0.711,-0.26,-10.52,-0.579,Decline
543,Wolverhampton Wanderers,GB1,premier-league,England,2023,2023-24,2022-23,38,13,7,18,46,1.21,34.21,50,65,-15,-0.395,0.13,5.26,0.316,Improvement
543,Wolverhampton Wanderers,GB1,premier-league,England,2024,2024-25,2023-24,38,12,6,20,42,1.11,31.58,54,69,-15,-0.395,-0.1,-2.63,0,Decline