club_id,club_name,competition_id,competition_name,country_name,season,season_label,matches_played,wins,points_earned,points_per_match,win_percentage,goal_difference,players_with_minutes,players_with_eligible_valuation,valuation_coverage_percentage,estimated_squad_value_eur,estimated_squad_value_millions_eur,expected_points_per_match,performance_residual,league_season_model_r_squared,eligible_club_count,efficiency_rank_within_league_season,efficiency_rank_across_leagues
89,1.FC Union Berlin,L1,bundesliga,Germany,2020,2020-21,34,12,50,1.47,35.29,7,27,27,100,80350000,80.35,0.952,0.518,0.605,18,1,1
399,Leeds United,GB1,premier-league,England,2020,2020-21,38,18,59,1.55,47.37,8,22,22,100,223900000,223.9,1.119,0.431,0.762,20,1,2
2687,Cádiz CF,ES1,laliga,Spain,2020,2020-21,38,11,44,1.16,28.95,-22,34,32,94.12,46650000,46.65,0.753,0.407,0.82,20,1,3
1082,LOSC Lille,FR1,ligue-1,France,2020,2020-21,38,24,83,2.18,63.16,41,21,21,100,319500000,319.5,1.795,0.385,0.811,20,1,4
379,West Ham United,GB1,premier-league,England,2020,2020-21,38,19,65,1.71,50,15,24,24,100,324500000,324.5,1.339,0.371,0.762,20,2,5
826,RC Lens,FR1,ligue-1,France,2020,2020-21,38,15,57,1.5,39.47,1,27,25,92.59,101600000,101.6,1.161,0.339,0.811,20,2,6
4171,Benevento Calcio,IT1,serie-a,Italy,2020,2020-21,38,7,33,0.87,18.42,-35,29,29,100,49100000,49.1,0.539,0.331,0.74,20,1,7
1038,UC Sampdoria,IT1,serie-a,Italy,2020,2020-21,38,15,52,1.37,39.47,-2,27,27,100,116750000,116.75,1.054,0.316,0.74,20,2,8
24,Eintracht Frankfurt,L1,bundesliga,Germany,2020,2020-21,34,16,60,1.76,47.06,16,24,23,95.83,234150000,234.15,1.448,0.312,0.605,18,2,9
46,Inter Milan,IT1,serie-a,Italy,2020,2020-21,38,28,91,2.39,73.68,54,25,25,100,653400000,653.4,2.078,0.312,0.74,20,3,10
82,VfL Wolfsburg,L1,bundesliga,Germany,2020,2020-21,34,17,61,1.79,50,24,26,26,100,255250000,255.25,1.488,0.302,0.605,18,3,11
3522,Spezia Calcio,IT1,serie-a,Italy,2020,2020-21,38,9,39,1.03,23.68,-20,35,35,100,71350000,71.35,0.762,0.268,0.74,20,4,12
1132,Burnley FC,GB1,premier-league,England,2020,2020-21,38,10,39,1.03,26.32,-22,25,25,100,124200000,124.2,0.77,0.26,0.762,20,3,13
368,Sevilla FC,ES1,laliga,Spain,2020,2020-21,38,24,77,2.03,63.16,20,25,25,100,380500000,380.5,1.771,0.259,0.82,20,2,14
800,Atalanta BC,IT1,serie-a,Italy,2020,2020-21,38,23,78,2.05,60.53,43,29,29,100,406300000,406.3,1.796,0.254,0.74,20,5,15
10,Arminia Bielefeld,L1,bundesliga,Germany,2020,2020-21,34,9,35,1.03,26.47,-26,26,26,100,55150000,55.15,0.777,0.253,0.605,18,4,16
27,Bayern Munich,L1,bundesliga,Germany,2020,2020-21,34,24,78,2.29,70.59,55,29,29,100,842100000,842.1,2.041,0.249,0.605,18,5,17
281,Manchester City,GB1,premier-league,England,2020,2020-21,38,27,86,2.26,71.05,51,24,23,95.83,1008300000,1008.3,2.012,0.248,0.762,20,4,18
1531,Elche CF,ES1,laliga,Spain,2020,2020-21,38,8,36,0.95,21.05,-21,30,28,93.33,44750000,44.75,0.733,0.217,0.82,20,3,19
969,Montpellier HSC,FR1,ligue-1,France,2020,2020-21,38,14,54,1.42,36.84,-2,25,24,96,111900000,111.9,1.214,0.206,0.811,20,3,20
6574,US Sassuolo,IT1,serie-a,Italy,2020,2020-21,38,17,62,1.63,44.74,8,28,28,100,221850000,221.85,1.436,0.194,0.74,20,6,21
418,Real Madrid,ES1,laliga,Spain,2020,2020-21,38,25,84,2.21,65.79,39,25,25,100,648400000,648.4,2.03,0.18,0.82,20,4,22
162,AS Monaco,FR1,ligue-1,France,2020,2020-21,38,24,78,2.05,63.16,34,30,30,100,367600000,367.6,1.872,0.178,0.811,20,4,23
13,Atlético de Madrid,ES1,laliga,Spain,2020,2020-21,38,26,86,2.26,68.42,42,25,25,100,753500000,753.5,2.103,0.157,0.82,20,5,24
873,Crystal Palace,GB1,premier-league,England,2020,2020-21,38,12,44,1.16,31.58,-25,24,24,100,184500000,184.5,1.005,0.155,0.762,20,5,25
1158,FC Lorient,FR1,ligue-1,France,2020,2020-21,38,11,42,1.11,28.95,-18,27,26,96.3,70925000,70.93,0.962,0.148,0.811,20,5,26
5,AC Milan,IT1,serie-a,Italy,2020,2020-21,38,24,79,2.08,63.16,33,29,29,100,512900000,512.9,1.934,0.146,0.74,20,7,27
150,Real Betis Balompié,ES1,laliga,Spain,2020,2020-21,38,17,61,1.61,44.74,0,25,25,100,202200000,202.2,1.464,0.146,0.82,20,6,28
1003,Leicester City,GB1,premier-league,England,2020,2020-21,38,20,66,1.74,52.63,18,27,26,96.3,500500000,500.5,1.596,0.144,0.762,20,6,29
985,Manchester United,GB1,premier-league,England,2020,2020-21,38,21,74,1.95,55.26,29,29,29,100,722800000,722.8,1.814,0.136,0.762,20,7,31
398,Società Sportiva Lazio S.p.A.,IT1,serie-a,Italy,2020,2020-21,38,21,68,1.79,55.26,6,30,30,100,320200000,320.2,1.654,0.136,0.74,20,8,30
60,SC Freiburg,L1,bundesliga,Germany,2020,2020-21,34,12,45,1.32,35.29,0,24,24,100,135900000,135.9,1.195,0.125,0.605,18,6,32
252,Genoa CFC,IT1,serie-a,Italy,2020,2020-21,38,10,42,1.11,26.32,-11,34,34,100,104800000,104.8,0.99,0.12,0.74,20,9,33
347,FC Metz,FR1,ligue-1,France,2020,2020-21,38,12,47,1.24,31.58,-4,27,27,100,100850000,100.85,1.157,0.083,0.811,20,6,34
6195,SSC Napoli,IT1,serie-a,Italy,2020,2020-21,38,24,77,2.03,63.16,45,25,25,100,527100000,527.1,1.95,0.08,0.74,20,10,35
131,FC Barcelona,ES1,laliga,Spain,2020,2020-21,38,24,79,2.08,63.16,47,22,22,100,613000000,613,2.002,0.078,0.82,20,7,37
23826,RB Leipzig,L1,bundesliga,Germany,2020,2020-21,34,19,65,1.91,55.88,28,25,25,100,536100000,536.1,1.832,0.078,0.605,18,7,36
1041,Olympique Lyon,FR1,ligue-1,France,2020,2020-21,38,22,76,2,57.89,38,29,28,96.55,404300000,404.3,1.925,0.075,0.811,20,7,38
940,Celta de Vigo,ES1,laliga,Spain,2020,2020-21,38,14,53,1.39,36.84,-2,30,29,96.67,150850000,150.85,1.322,0.068,0.82,20,8,39
331,CA Osasuna,ES1,laliga,Spain,2020,2020-21,38,11,44,1.16,28.95,-11,28,28,100,94700000,94.7,1.096,0.064,0.82,20,9,40
167,FC Augsburg,L1,bundesliga,Germany,2020,2020-21,34,10,36,1.06,29.41,-18,25,25,100,89800000,89.8,1.003,0.057,0.605,18,8,41
1160,Nîmes Olympique,FR1,ligue-1,France,2020,2020-21,38,9,35,0.92,23.68,-31,34,34,100,59600000,59.6,0.866,0.054,0.811,20,8,42
40,FC Girondins Bordeaux,FR1,ligue-1,France,2020,2020-21,38,13,45,1.18,34.21,-14,27,27,100,98100000,98.1,1.141,0.039,0.811,20,9,43
4083,FC Crotone,IT1,serie-a,Italy,2020,2020-21,38,6,23,0.61,15.79,-47,31,31,100,51850000,51.85,0.572,0.038,0.74,20,11,44
762,Newcastle United,GB1,premier-league,England,2020,2020-21,38,12,45,1.18,31.58,-16,27,27,100,241200000,241.2,1.164,0.016,0.762,20,8,45
506,Juventus FC,IT1,serie-a,Italy,2020,2020-21,38,23,78,2.05,60.53,39,30,30,100,617675000,617.68,2.045,0.005,0.74,20,12,46
16795,Granada CF,ES1,laliga,Spain,2020,2020-21,38,13,46,1.21,34.21,-18,34,34,100,119700000,119.7,1.21,0,0.82,20,10,47
276,Hellas Verona,IT1,serie-a,Italy,2020,2020-21,38,11,45,1.18,28.95,-2,32,32,100,146425000,146.43,1.189,-0.009,0.74,20,13,48
1108,Deportivo Alavés,ES1,laliga,Spain,2020,2020-21,38,9,38,1,23.68,-21,30,30,100,79350000,79.35,1.011,-0.011,0.82,20,11,49
5358,SD Huesca,ES1,laliga,Spain,2020,2020-21,38,7,34,0.89,18.42,-19,27,27,100,63700000,63.7,0.904,-0.014,0.82,20,12,50
16,Borussia Dortmund,L1,bundesliga,Germany,2020,2020-21,34,20,64,1.88,58.82,29,26,26,100,621150000,621.15,1.9,-0.02,0.605,18,9,51
405,Aston Villa,GB1,premier-league,England,2020,2020-21,38,16,55,1.45,42.11,9,24,24,100,406000000,406,1.472,-0.022,0.762,20,9,52
79,VfB Stuttgart,L1,bundesliga,Germany,2020,2020-21,34,12,45,1.32,35.29,1,29,29,100,187750000,187.75,1.345,-0.025,0.605,18,10,53
995,FC Nantes,FR1,ligue-1,France,2020,2020-21,38,9,40,1.05,23.68,-8,25,25,100,89350000,89.35,1.09,-0.04,0.811,20,10,54
1420,Angers SCO,FR1,ligue-1,France,2020,2020-21,38,12,44,1.16,31.58,-18,31,31,100,109850000,109.85,1.204,-0.044,0.811,20,11,55
29,Everton FC,GB1,premier-league,England,2020,2020-21,38,17,59,1.55,44.74,-1,29,29,100,501800000,501.8,1.598,-0.048,0.762,20,10,56
11,Arsenal FC,GB1,premier-league,England,2020,2020-21,38,18,61,1.61,47.37,16,29,29,100,565500000,565.5,1.669,-0.059,0.762,20,11,57
366,Real Valladolid CF,ES1,laliga,Spain,2020,2020-21,38,5,31,0.82,13.16,-23,32,32,100,60900000,60.9,0.882,-0.062,0.82,20,13,58
1421,Stade Reims,FR1,ligue-1,France,2020,2020-21,38,9,42,1.11,23.68,-8,29,28,96.55,103800000,103.8,1.173,-0.063,0.811,20,12,59
180,Southampton FC,GB1,premier-league,England,2020,2020-21,38,12,43,1.13,31.58,-21,29,28,96.55,254850000,254.85,1.196,-0.066,0.762,20,12,60
244,Olympique Marseille,FR1,ligue-1,France,2020,2020-21,38,16,60,1.58,42.11,7,31,31,100,247000000,247,1.652,-0.072,0.811,20,13,61
3911,Stade Brestois 29,FR1,ligue-1,France,2020,2020-21,38,11,41,1.08,28.95,-16,26,26,100,100325000,100.33,1.154,-0.074,0.811,20,14,62
12,Associazione Sportiva Roma,IT1,serie-a,Italy,2020,2020-21,38,18,62,1.63,47.37,10,31,31,100,349300000,349.3,1.706,-0.076,0.74,20,14,63
667,RC Strasbourg Alsace,FR1,ligue-1,France,2020,2020-21,38,11,42,1.11,28.95,-9,26,25,96.15,106550000,106.55,1.187,-0.077,0.811,20,15,64
3,1.FC Köln,L1,bundesliga,Germany,2020,2020-21,34,8,33,0.97,23.53,-26,28,28,100,101150000,101.15,1.058,-0.088,0.605,18,11,65
3368,Levante UD,ES1,laliga,Spain,2020,2020-21,38,9,41,1.08,23.68,-11,29,29,100,110600000,110.6,1.172,-0.092,0.82,20,14,66
39,1.FSV Mainz 05,L1,bundesliga,Germany,2020,2020-21,34,10,39,1.15,29.41,-17,31,31,100,153900000,153.9,1.253,-0.103,0.605,18,12,67
1050,Villarreal CF,ES1,laliga,Spain,2020,2020-21,38,15,58,1.53,39.47,16,29,29,100,286300000,286.3,1.633,-0.103,0.82,20,15,68
18,Borussia Mönchengladbach,L1,bundesliga,Germany,2020,2020-21,34,13,49,1.44,38.24,8,23,23,100,295500000,295.5,1.556,-0.116,0.605,18,13,69
148,Tottenham Hotspur,GB1,premier-league,England,2020,2020-21,38,18,62,1.63,47.37,23,24,23,95.83,645000000,645,1.747,-0.117,0.762,20,13,70
1025,Bologna Football Club 1909,IT1,serie-a,Italy,2020,2020-21,38,10,41,1.08,26.32,-14,37,35,94.59,149600000,149.6,1.202,-0.122,0.74,20,15,71
31,Liverpool FC,GB1,premier-league,England,2020,2020-21,38,20,69,1.82,52.63,26,28,28,100,899500000,899.5,1.944,-0.124,0.762,20,14,72
1237,Brighton & Hove Albion,GB1,premier-league,England,2020,2020-21,38,9,41,1.08,23.68,-6,27,27,100,260650000,260.65,1.21,-0.13,0.762,20,15,73
15,Bayer 04 Leverkusen,L1,bundesliga,Germany,2020,2020-21,34,14,52,1.53,41.18,14,30,30,100,372250000,372.25,1.663,-0.133,0.605,18,14,74
631,Chelsea FC,GB1,premier-league,England,2020,2020-21,38,19,67,1.76,50,22,27,27,100,841250000,841.25,1.904,-0.144,0.762,20,16,75
583,Paris Saint-Germain,FR1,ligue-1,France,2020,2020-21,38,26,82,2.16,68.42,58,33,32,96.97,803500000,803.5,2.305,-0.145,0.811,20,16,76
984,West Bromwich Albion,GB1,premier-league,England,2020,2020-21,38,5,26,0.68,13.16,-41,30,30,100,137400000,137.4,0.83,-0.15,0.762,20,17,77
681,Real Sociedad,ES1,laliga,Spain,2020,2020-21,38,17,62,1.63,44.74,21,29,29,100,400350000,400.35,1.796,-0.166,0.82,20,16,78
533,TSG 1899 Hoffenheim,L1,bundesliga,Germany,2020,2020-21,34,11,43,1.26,32.35,-2,30,30,100,225100000,225.1,1.429,-0.169,0.605,18,15,79
618,AS Saint-Étienne,FR1,ligue-1,France,2020,2020-21,38,12,46,1.21,31.58,-12,40,36,90,153750000,153.75,1.39,-0.18,0.811,20,17,80
86,SV Werder Bremen,L1,bundesliga,Germany,2020,2020-21,34,7,31,0.91,20.59,-21,27,27,100,109350000,109.35,1.095,-0.185,0.605,18,16,81
273,Stade Rennais FC,FR1,ligue-1,France,2020,2020-21,38,16,58,1.53,42.11,12,32,30,93.75,290300000,290.3,1.742,-0.212,0.811,20,18,82
410,Udinese Calcio,IT1,serie-a,Italy,2020,2020-21,38,10,40,1.05,26.32,-16,33,33,100,167100000,167.1,1.267,-0.217,0.74,20,16,83
1533,SD Eibar,ES1,laliga,Spain,2020,2020-21,38,6,30,0.79,15.79,-23,30,26,86.67,81300000,81.3,1.022,-0.232,0.82,20,17,84
350,Sheffield United,GB1,premier-league,England,2020,2020-21,38,7,23,0.61,18.42,-43,26,26,100,143150000,143.15,0.854,-0.244,0.762,20,18,85
621,Athletic Bilbao,ES1,laliga,Spain,2020,2020-21,38,11,46,1.21,28.95,4,27,27,100,199700000,199.7,1.458,-0.248,0.82,20,18,86
417,OGC Nice,FR1,ligue-1,France,2020,2020-21,38,15,52,1.37,39.47,-3,31,31,100,234050000,234.05,1.622,-0.252,0.811,20,19,87
1049,Valencia CF,ES1,laliga,Spain,2020,2020-21,38,10,43,1.13,26.32,-3,24,24,100,175800000,175.8,1.397,-0.267,0.82,20,19,88
543,Wolverhampton Wanderers,GB1,premier-league,England,2020,2020-21,38,12,45,1.18,31.58,-16,27,27,100,404400000,404.4,1.47,-0.29,0.762,20,19,89
416,Torino FC,IT1,serie-a,Italy,2020,2020-21,38,7,37,0.97,18.42,-19,29,29,100,171900000,171.9,1.284,-0.314,0.74,20,17,90
2969,Dijon FCO,FR1,ligue-1,France,2020,2020-21,38,4,21,0.55,10.53,-48,33,31,93.94,63400000,63.4,0.9,-0.35,0.811,20,20,91
1390,Cagliari Calcio,IT1,serie-a,Italy,2020,2020-21,38,9,37,0.97,23.68,-16,32,32,100,184850000,184.85,1.327,-0.357,0.74,20,18,92
931,Fulham FC,GB1,premier-league,England,2020,2020-21,38,5,28,0.74,13.16,-26,28,28,100,219100000,219.1,1.107,-0.367,0.762,20,20,93
3709,Getafe CF,ES1,laliga,Spain,2020,2020-21,38,9,38,1,23.68,-15,31,30,96.77,169800000,169.8,1.38,-0.38,0.82,20,20,94
44,Hertha BSC,L1,bundesliga,Germany,2020,2020-21,34,8,35,1.03,23.53,-11,32,32,100,217100000,217.1,1.413,-0.383,0.605,18,17,95
430,ACF Fiorentina,IT1,serie-a,Italy,2020,2020-21,38,9,40,1.05,23.68,-12,30,30,100,284300000,284.3,1.583,-0.533,0.74,20,19,96
130,Parma Calcio 1913,IT1,serie-a,Italy,2020,2020-21,38,3,20,0.53,7.89,-44,42,41,97.62,126250000,126.25,1.101,-0.571,0.74,20,20,97
33,FC Schalke 04,L1,bundesliga,Germany,2020,2020-21,34,3,16,0.47,8.82,-61,42,42,100,121100000,121.1,1.142,-0.672,0.605,18,18,98
89,1.FC Union Berlin,L1,bundesliga,Germany,2021,2021-22,34,16,57,1.68,47.06,6,27,27,100,95500000,95.5,1.157,0.523,0.595,18,1,1
667,RC Strasbourg Alsace,FR1,ligue-1,France,2021,2021-22,38,17,63,1.66,44.74,17,24,24,100,116300000,116.3,1.243,0.417,0.761,20,1,2
31,Liverpool FC,GB1,premier-league,England,2021,2021-22,38,28,92,2.42,73.68,68,25,25,100,886000000,886,2.025,0.395,0.775,20,1,3
3,1.FC Köln,L1,bundesliga,Germany,2021,2021-22,34,14,52,1.53,41.18,3,23,23,100,91800000,91.8,1.141,0.389,0.595,18,2,4
281,Manchester City,GB1,premier-league,England,2021,2021-22,38,29,93,2.45,76.32,73,22,21,95.45,969500000,969.5,2.092,0.358,0.775,20,2,5
80,VfL Bochum,L1,bundesliga,Germany,2021,2021-22,34,12,42,1.24,35.29,-14,27,27,100,50850000,50.85,0.909,0.331,0.595,18,3,6
418,Real Madrid,ES1,laliga,Spain,2021,2021-22,38,26,86,2.26,68.42,49,26,26,100,750000000,750,1.954,0.306,0.821,20,1,7
1132,Burnley FC,GB1,premier-league,England,2021,2021-22,38,7,35,0.92,18.42,-19,23,23,100,135900000,135.9,0.622,0.298,0.775,20,3,8
5,AC Milan,IT1,serie-a,Italy,2021,2021-22,38,26,86,2.26,68.42,38,27,27,100,526100000,526.1,1.977,0.283,0.867,20,1,9
27,Bayern Munich,L1,bundesliga,Germany,2021,2021-22,34,24,77,2.26,70.59,60,28,28,100,781000000,781,1.984,0.276,0.595,18,4,10
826,RC Lens,FR1,ligue-1,France,2021,2021-22,38,17,62,1.63,44.74,14,24,24,100,150250000,150.25,1.368,0.262,0.761,20,2,11
995,FC Nantes,FR1,ligue-1,France,2021,2021-22,38,15,55,1.45,39.47,7,23,23,100,109250000,109.25,1.213,0.237,0.761,20,3,12
46,Inter Milan,IT1,serie-a,Italy,2021,2021-22,38,25,84,2.21,65.79,52,26,26,100,528300000,528.3,1.98,0.23,0.867,20,2,13
60,SC Freiburg,L1,bundesliga,Germany,2021,2021-22,34,15,55,1.62,44.12,12,26,26,100,172800000,172.8,1.39,0.23,0.595,18,5,14
873,Crystal Palace,GB1,premier-league,England,2021,2021-22,38,11,48,1.26,28.95,4,22,22,100,242500000,242.5,1.055,0.205,0.775,20,4,15
150,Real Betis Balompié,ES1,laliga,Spain,2021,2021-22,38,19,65,1.71,50,22,27,27,100,251500000,251.5,1.507,0.203,0.821,20,2,16
244,Olympique Marseille,FR1,ligue-1,France,2021,2021-22,38,21,71,1.87,55.26,25,26,26,100,279600000,279.6,1.67,0.2,0.761,20,4,17
3522,Spezia Calcio,IT1,serie-a,Italy,2021,2021-22,38,10,36,0.95,26.32,-30,28,28,100,74950000,74.95,0.754,0.196,0.867,20,3,18
16,Borussia Dortmund,L1,bundesliga,Germany,2021,2021-22,34,22,69,2.03,64.71,33,30,30,100,547700000,547.7,1.844,0.186,0.595,18,6,19
367,Rayo Vallecano,ES1,laliga,Spain,2021,2021-22,38,11,42,1.11,28.95,-11,23,23,100,60900000,60.9,0.927,0.183,0.821,20,3,20
6195,SSC Napoli,IT1,serie-a,Italy,2021,2021-22,38,24,79,2.08,63.16,43,26,26,100,469950000,469.95,1.906,0.174,0.867,20,4,21
276,Hellas Verona,IT1,serie-a,Italy,2021,2021-22,38,14,53,1.39,36.84,6,28,28,100,156750000,156.75,1.217,0.173,0.867,20,5,22
368,Sevilla FC,ES1,laliga,Spain,2021,2021-22,38,18,70,1.84,47.37,23,28,28,100,374100000,374.1,1.67,0.17,0.821,20,4,23
1237,Brighton & Hove Albion,GB1,premier-league,England,2021,2021-22,38,12,51,1.34,31.58,-2,26,26,100,289600000,289.6,1.188,0.152,0.775,20,5,24
398,Società Sportiva Lazio S.p.A.,IT1,serie-a,Italy,2021,2021-22,38,18,64,1.68,47.37,19,26,26,100,259600000,259.6,1.534,0.146,0.867,20,6,25
380,US Salernitana 1919,IT1,serie-a,Italy,2021,2021-22,38,7,31,0.82,18.42,-45,34,34,100,66250000,66.25,0.676,0.144,0.867,20,7,26
379,West Ham United,GB1,premier-league,England,2021,2021-22,38,16,56,1.47,42.11,9,22,22,100,350200000,350.2,1.33,0.14,0.775,20,6,27
1531,Elche CF,ES1,laliga,Spain,2021,2021-22,38,11,42,1.11,28.95,-12,25,25,100,68100000,68.1,0.972,0.138,0.821,20,5,28
417,OGC Nice,FR1,ligue-1,France,2021,2021-22,38,20,67,1.76,52.63,16,26,26,100,256300000,256.3,1.628,0.132,0.761,20,5,29
15,Bayer 04 Leverkusen,L1,bundesliga,Germany,2021,2021-22,34,19,64,1.88,55.88,33,29,29,100,447100000,447.1,1.764,0.116,0.595,18,7,30
11,Arsenal FC,GB1,premier-league,England,2021,2021-22,38,22,69,1.82,57.89,13,26,26,100,581500000,581.5,1.71,0.11,0.775,20,7,31
410,Udinese Calcio,IT1,serie-a,Italy,2021,2021-22,38,11,47,1.24,28.95,3,25,25,100,137300000,137.3,1.134,0.106,0.867,20,8,32
2687,Cádiz CF,ES1,laliga,Spain,2021,2021-22,38,8,39,1.03,21.05,-16,25,25,100,61500000,61.5,0.931,0.099,0.821,20,6,33
3524,Clermont Foot 63,FR1,ligue-1,France,2021,2021-22,38,9,36,0.95,23.68,-31,24,24,100,51900000,51.9,0.851,0.099,0.761,20,6,34
3911,Stade Brestois 29,FR1,ligue-1,France,2021,2021-22,38,13,48,1.26,34.21,-8,24,24,100,98800000,98.8,1.164,0.096,0.761,20,7,35
331,CA Osasuna,ES1,laliga,Spain,2021,2021-22,38,12,47,1.24,31.58,-14,24,24,100,104600000,104.6,1.148,0.092,0.821,20,7,36
1148,Brentford FC,GB1,premier-league,England,2021,2021-22,38,13,46,1.21,34.21,-8,28,28,100,267300000,267.3,1.128,0.082,0.775,20,8,37
39,1.FSV Mainz 05,L1,bundesliga,Germany,2021,2021-22,34,13,46,1.35,38.24,5,25,25,100,127400000,127.4,1.27,0.08,0.595,18,8,38
1095,ESTAC Troyes,FR1,ligue-1,France,2021,2021-22,38,9,38,1,23.68,-16,28,28,100,60250000,60.25,0.924,0.076,0.761,20,8,39
148,Tottenham Hotspur,GB1,premier-league,England,2021,2021-22,38,22,71,1.87,57.89,29,24,24,100,661000000,661,1.806,0.064,0.775,20,9,40
237,RCD Mallorca,ES1,laliga,Spain,2021,2021-22,38,10,39,1.03,26.32,-27,29,29,100,68800000,68.8,0.977,0.053,0.821,20,8,41
762,Newcastle United,GB1,premier-league,England,2021,2021-22,38,13,49,1.29,34.21,-18,29,29,100,311600000,311.6,1.243,0.047,0.775,20,10,42
273,Stade Rennais FC,FR1,ligue-1,France,2021,2021-22,38,20,66,1.74,52.63,42,26,26,100,294900000,294.9,1.696,0.044,0.761,20,9,43
583,Paris Saint-Germain,FR1,ligue-1,France,2021,2021-22,38,26,86,2.26,68.42,54,34,34,100,868300000,868.3,2.221,0.039,0.761,20,10,44
749,FC Empoli,IT1,serie-a,Italy,2021,2021-22,38,10,41,1.08,26.32,-20,26,26,100,118800000,118.8,1.043,0.037,0.867,20,9,45
1158,FC Lorient,FR1,ligue-1,France,2021,2021-22,38,8,36,0.95,21.05,-28,27,27,100,59350000,59.35,0.916,0.034,0.761,20,11,46
940,Celta de Vigo,ES1,laliga,Spain,2021,2021-22,38,12,46,1.21,31.58,0,21,20,95.24,113200000,113.2,1.18,0.03,0.821,20,9,47
1038,UC Sampdoria,IT1,serie-a,Italy,2021,2021-22,38,10,36,0.95,26.32,-17,31,31,100,98300000,98.3,0.924,0.026,0.867,20,10,48
162,AS Monaco,FR1,ligue-1,France,2021,2021-22,38,20,69,1.82,52.63,25,25,25,100,376100000,376.1,1.814,0.006,0.761,20,12,49
621,Athletic Bilbao,ES1,laliga,Spain,2021,2021-22,38,14,55,1.45,36.84,7,24,24,100,219000000,219,1.451,-0.001,0.821,20,10,50
1420,Angers SCO,FR1,ligue-1,France,2021,2021-22,38,10,41,1.08,26.32,-11,27,27,100,84500000,84.5,1.088,-0.008,0.761,20,13,52
131,FC Barcelona,ES1,laliga,Spain,2021,2021-22,38,21,73,1.92,55.26,30,31,31,100,703000000,703,1.928,-0.008,0.821,20,11,51
631,Chelsea FC,GB1,premier-league,England,2021,2021-22,38,21,74,1.95,55.26,43,26,26,100,811500000,811.5,1.959,-0.009,0.775,20,11,53
681,Real Sociedad,ES1,laliga,Spain,2021,2021-22,38,17,62,1.63,44.74,3,26,26,100,355700000,355.7,1.649,-0.019,0.821,20,12,54
180,Southampton FC,GB1,premier-league,England,2021,2021-22,38,9,40,1.05,23.68,-24,24,24,100,247150000,247.15,1.069,-0.019,0.775,20,12,55
13,Atlético de Madrid,ES1,laliga,Spain,2021,2021-22,38,21,71,1.87,55.26,22,23,23,100,643000000,643,1.891,-0.021,0.821,20,13,57
1010,Watford FC,GB1,premier-league,England,2021,2021-22,38,6,23,0.61,15.79,-43,27,27,100,137600000,137.6,0.631,-0.021,0.775,20,13,56
543,Wolverhampton Wanderers,GB1,premier-league,England,2021,2021-22,38,15,51,1.34,39.47,-5,25,25,100,365600000,365.6,1.362,-0.022,0.775,20,14,58
167,FC Augsburg,L1,bundesliga,Germany,2021,2021-22,34,10,38,1.12,29.41,-17,25,25,100,92300000,92.3,1.143,-0.023,0.595,18,9,59
430,ACF Fiorentina,IT1,serie-a,Italy,2021,2021-22,38,19,62,1.63,50,8,27,27,100,316200000,316.2,1.658,-0.028,0.867,20,11,60
607,Venezia FC,IT1,serie-a,Italy,2021,2021-22,38,6,27,0.71,15.79,-35,30,30,100,74350000,74.35,0.749,-0.039,0.867,20,12,61
3368,Levante UD,ES1,laliga,Spain,2021,2021-22,38,8,35,0.92,21.05,-25,28,28,100,73900000,73.9,1.006,-0.086,0.821,20,14,62
1108,Deportivo Alavés,ES1,laliga,Spain,2021,2021-22,38,8,31,0.82,21.05,-34,26,26,100,58200000,58.2,0.908,-0.088,0.821,20,15,63
23826,RB Leipzig,L1,bundesliga,Germany,2021,2021-22,34,17,58,1.71,50,35,28,28,100,498000000,498,1.807,-0.097,0.595,18,10,64
1025,Bologna Football Club 1909,IT1,serie-a,Italy,2021,2021-22,38,12,46,1.21,31.58,-11,29,29,100,181300000,181.3,1.308,-0.098,0.867,20,14,66
416,Torino FC,IT1,serie-a,Italy,2021,2021-22,38,13,50,1.32,34.21,5,30,30,100,215800000,215.8,1.418,-0.098,0.867,20,13,65
12,Associazione Sportiva Roma,IT1,serie-a,Italy,2021,2021-22,38,18,63,1.66,47.37,16,27,27,100,372600000,372.6,1.761,-0.101,0.867,20,15,67
16795,Granada CF,ES1,laliga,Spain,2021,2021-22,38,8,38,1,21.05,-17,29,29,100,93300000,93.3,1.101,-0.101,0.821,20,16,68
533,TSG 1899 Hoffenheim,L1,bundesliga,Germany,2021,2021-22,34,13,46,1.35,38.24,-2,30,30,100,206200000,206.2,1.46,-0.11,0.595,18,11,69
714,RCD Espanyol Barcelona,ES1,laliga,Spain,2021,2021-22,38,10,42,1.11,26.32,-13,26,26,100,126300000,126.3,1.225,-0.115,0.821,20,17,70
1123,Norwich City,GB1,premier-league,England,2021,2021-22,38,5,22,0.58,13.16,-61,27,27,100,152400000,152.4,0.708,-0.128,0.775,20,15,71
1421,Stade Reims,FR1,ligue-1,France,2021,2021-22,38,11,46,1.21,28.95,-1,32,32,100,141900000,141.9,1.34,-0.13,0.761,20,14,72
1050,Villarreal CF,ES1,laliga,Spain,2021,2021-22,38,16,59,1.55,42.11,26,26,26,100,387400000,387.4,1.684,-0.134,0.821,20,18,73
10,Arminia Bielefeld,L1,bundesliga,Germany,2021,2021-22,34,5,28,0.82,14.71,-26,25,25,100,60850000,60.85,0.979,-0.159,0.595,18,12,74
6574,US Sassuolo,IT1,serie-a,Italy,2021,2021-22,38,13,50,1.32,34.21,-2,28,28,100,240700000,240.7,1.486,-0.166,0.867,20,16,75
18,Borussia Mönchengladbach,L1,bundesliga,Germany,2021,2021-22,34,12,45,1.32,35.29,-7,25,25,100,231100000,231.1,1.505,-0.185,0.595,18,13,76
1041,Olympique Lyon,FR1,ligue-1,France,2021,2021-22,38,17,62,1.63,44.74,15,29,29,100,385100000,385.1,1.826,-0.196,0.761,20,15,77
399,Leeds United,GB1,premier-league,England,2021,2021-22,38,9,38,1,23.68,-37,27,27,100,295300000,295.3,1.203,-0.203,0.775,20,16,78
969,Montpellier HSC,FR1,ligue-1,France,2021,2021-22,38,12,43,1.13,31.58,-12,25,25,100,140850000,140.85,1.337,-0.207,0.761,20,16,79
65,SpVgg Greuther Fürth,L1,bundesliga,Germany,2021,2021-22,34,3,18,0.53,8.82,-54,26,26,100,34500000,34.5,0.756,-0.226,0.595,18,14,80
252,Genoa CFC,IT1,serie-a,Italy,2021,2021-22,38,4,28,0.74,10.53,-33,33,33,100,105900000,105.9,0.971,-0.231,0.867,20,17,81
1082,LOSC Lille,FR1,ligue-1,France,2021,2021-22,38,14,55,1.45,36.84,0,24,24,100,287100000,287.1,1.683,-0.233,0.761,20,17,82
800,Atalanta BC,IT1,serie-a,Italy,2021,2021-22,38,16,59,1.55,42.11,17,28,28,100,387600000,387.6,1.785,-0.235,0.867,20,18,83
347,FC Metz,FR1,ligue-1,France,2021,2021-22,38,6,31,0.82,15.79,-34,29,29,100,79400000,79.4,1.058,-0.238,0.761,20,18,84
506,Juventus FC,IT1,serie-a,Italy,2021,2021-22,38,20,70,1.84,52.63,20,29,29,100,618900000,618.9,2.079,-0.239,0.867,20,19,85
1003,Leicester City,GB1,premier-league,England,2021,2021-22,38,14,52,1.37,36.84,3,26,26,100,510500000,510.5,1.612,-0.242,0.775,20,17,86
24,Eintracht Frankfurt,L1,bundesliga,Germany,2021,2021-22,34,10,42,1.24,29.41,-4,27,27,100,222750000,222.75,1.49,-0.25,0.595,18,15,87
1390,Cagliari Calcio,IT1,serie-a,Italy,2021,2021-22,38,6,30,0.79,15.79,-34,28,28,100,124350000,124.35,1.071,-0.281,0.867,20,20,88
618,AS Saint-Étienne,FR1,ligue-1,France,2021,2021-22,38,7,32,0.84,18.42,-35,27,27,100,95600000,95.6,1.148,-0.308,0.761,20,19,89
82,VfL Wolfsburg,L1,bundesliga,Germany,2021,2021-22,34,12,42,1.24,35.29,-11,29,29,100,259100000,259.1,1.55,-0.31,0.595,18,16,90
985,Manchester United,GB1,premier-league,England,2021,2021-22,38,16,58,1.53,42.11,0,29,27,93.1,701500000,701.5,1.85,-0.32,0.775,20,18,91
40,FC Girondins Bordeaux,FR1,ligue-1,France,2021,2021-22,38,6,31,0.82,15.79,-39,31,31,100,94600000,94.6,1.143,-0.323,0.761,20,20,92
1049,Valencia CF,ES1,laliga,Spain,2021,2021-22,38,11,48,1.26,28.95,-5,30,30,100,308000000,308,1.59,-0.33,0.821,20,19,93
44,Hertha BSC,L1,bundesliga,Germany,2021,2021-22,34,9,33,0.97,26.47,-34,31,30,96.77,147250000,147.25,1.327,-0.357,0.595,18,17,94
3709,Getafe CF,ES1,laliga,Spain,2021,2021-22,38,8,39,1.03,21.05,-8,25,25,100,193700000,193.7,1.4,-0.37,0.821,20,20,95
405,Aston Villa,GB1,premier-league,England,2021,2021-22,38,13,45,1.18,34.21,-2,30,30,100,470600000,470.6,1.551,-0.371,0.775,20,19,96
79,VfB Stuttgart,L1,bundesliga,Germany,2021,2021-22,34,7,33,0.97,20.59,-18,31,31,100,169600000,169.6,1.383,-0.413,0.595,18,18,97
29,Everton FC,GB1,premier-league,England,2021,2021-22,38,11,39,1.03,28.95,-23,29,29,100,467300000,467.3,1.546,-0.516,0.775,20,20,98
3524,Clermont Foot 63,FR1,ligue-1,France,2022,2022-23,38,17,59,1.55,44.74,-4,28,28,100,46800000,46.8,0.843,0.707,0.64,20,1,1
826,RC Lens,FR1,ligue-1,France,2022,2022-23,38,25,84,2.21,65.79,39,29,29,100,233400000,233.4,1.583,0.627,0.64,20,2,2
89,1.FC Union Berlin,L1,bundesliga,Germany,2022,2022-23,34,18,62,1.82,52.94,13,28,28,100,154300000,154.3,1.295,0.525,0.672,18,1,3
931,Fulham FC,GB1,premier-league,England,2022,2022-23,38,15,52,1.37,39.47,2,29,28,96.55,278500000,278.5,0.933,0.437,0.485,20,1,4
762,Newcastle United,GB1,premier-league,England,2022,2022-23,38,19,71,1.87,50,35,27,26,96.3,529500000,529.5,1.44,0.43,0.485,20,2,5
398,Società Sportiva Lazio S.p.A.,IT1,serie-a,Italy,2022,2022-23,38,22,74,1.95,57.89,30,24,24,100,259900000,259.9,1.532,0.418,0.848,20,1,6
1148,Brentford FC,GB1,premier-league,England,2022,2022-23,38,15,59,1.55,39.47,12,25,25,100,363500000,363.5,1.143,0.407,0.485,20,3,7
60,SC Freiburg,L1,bundesliga,Germany,2022,2022-23,34,17,59,1.74,50,7,27,27,100,196950000,196.95,1.4,0.34,0.672,18,2,8
11,Arsenal FC,GB1,premier-league,England,2022,2022-23,38,26,84,2.21,68.42,45,26,25,96.15,953000000,953,1.903,0.307,0.485,20,4,9
281,Manchester City,GB1,premier-league,England,2022,2022-23,38,28,89,2.34,73.68,61,24,23,95.83,1132000000,1132,2.039,0.301,0.485,20,5,10
2919,AC Monza,IT1,serie-a,Italy,2022,2022-23,38,14,52,1.37,36.84,-4,31,30,96.77,133350000,133.35,1.092,0.278,0.848,20,2,11
2687,Cádiz CF,ES1,laliga,Spain,2022,2022-23,38,10,42,1.11,26.32,-23,38,38,100,64250000,64.25,0.856,0.254,0.831,20,1,12
1025,Bologna Football Club 1909,IT1,serie-a,Italy,2022,2022-23,38,14,54,1.42,36.84,4,27,27,100,150300000,150.3,1.171,0.249,0.848,20,3,13
985,Manchester United,GB1,premier-league,England,2022,2022-23,38,23,75,1.97,60.53,15,26,26,100,756800000,756.8,1.721,0.249,0.485,20,6,14
1237,Brighton & Hove Albion,GB1,premier-league,England,2022,2022-23,38,18,62,1.63,47.37,19,29,24,82.76,498200000,498.2,1.392,0.238,0.485,20,7,15
16,Borussia Dortmund,L1,bundesliga,Germany,2022,2022-23,34,22,71,2.09,64.71,39,30,30,100,561950000,561.95,1.853,0.237,0.672,18,3,16
405,Aston Villa,GB1,premier-league,England,2022,2022-23,38,18,61,1.61,47.37,5,26,26,100,490600000,490.6,1.38,0.23,0.485,20,8,17
6195,SSC Napoli,IT1,serie-a,Italy,2022,2022-23,38,28,90,2.37,73.68,49,27,27,100,653300000,653.3,2.141,0.229,0.848,20,4,18
237,RCD Mallorca,ES1,laliga,Spain,2022,2022-23,38,14,50,1.32,36.84,-6,31,29,93.55,103825000,103.83,1.092,0.228,0.831,20,2,19
80,VfL Bochum,L1,bundesliga,Germany,2022,2022-23,34,10,35,1.03,29.41,-32,26,26,100,51400000,51.4,0.821,0.209,0.672,18,4,20
131,FC Barcelona,ES1,laliga,Spain,2022,2022-23,38,28,88,2.32,73.68,50,29,25,86.21,823500000,823.5,2.114,0.206,0.831,20,3,21
367,Rayo Vallecano,ES1,laliga,Spain,2022,2022-23,38,13,49,1.29,34.21,-8,28,26,92.86,102800000,102.8,1.087,0.203,0.831,20,4,22
244,Olympique Marseille,FR1,ligue-1,France,2022,2022-23,38,22,73,1.92,57.89,27,30,30,100,328600000,328.6,1.74,0.18,0.64,20,3,23
1082,LOSC Lille,FR1,ligue-1,France,2022,2022-23,38,19,67,1.76,50,21,26,26,100,245150000,245.15,1.606,0.154,0.64,20,4,24
23826,RB Leipzig,L1,bundesliga,Germany,2022,2022-23,34,20,66,1.94,58.82,23,25,25,100,483900000,483.9,1.788,0.152,0.672,18,5,25
13,Atlético de Madrid,ES1,laliga,Spain,2022,2022-23,38,23,77,2.03,60.53,37,27,27,100,513150000,513.15,1.88,0.15,0.831,20,5,26
873,Crystal Palace,GB1,premier-league,England,2022,2022-23,38,11,45,1.18,28.95,-9,26,25,96.15,316300000,316.3,1.033,0.147,0.485,20,9,27
380,US Salernitana 1919,IT1,serie-a,Italy,2022,2022-23,38,9,42,1.11,23.68,-14,30,29,96.67,113575000,113.58,0.986,0.124,0.848,20,5,28
331,CA Osasuna,ES1,laliga,Spain,2022,2022-23,38,15,53,1.39,39.47,-5,26,26,100,148000000,148,1.267,0.123,0.831,20,6,29
39,1.FSV Mainz 05,L1,bundesliga,Germany,2022,2022-23,34,12,46,1.35,35.29,-1,27,27,100,132700000,132.7,1.23,0.12,0.672,18,6,30
1147,AC Ajaccio,FR1,ligue-1,France,2022,2022-23,38,7,26,0.68,18.42,-51,36,36,100,26250000,26.25,0.577,0.103,0.64,20,5,31
749,FC Empoli,IT1,serie-a,Italy,2022,2022-23,38,10,43,1.13,26.32,-12,32,32,100,121400000,121.4,1.03,0.1,0.848,20,6,32
3,1.FC Köln,L1,bundesliga,Germany,2022,2022-23,34,10,42,1.24,29.41,-5,27,27,100,109800000,109.8,1.148,0.092,0.672,18,7,34
3911,Stade Brestois 29,FR1,ligue-1,France,2022,2022-23,38,11,44,1.16,28.95,-10,29,29,100,76200000,76.2,1.068,0.092,0.64,20,6,33
989,AFC Bournemouth,GB1,premier-league,England,2022,2022-23,38,11,39,1.03,28.95,-34,31,30,96.77,284400000,284.4,0.95,0.08,0.485,20,10,35
583,Paris Saint-Germain,FR1,ligue-1,France,2022,2022-23,38,27,85,2.24,71.05,49,26,26,100,826300000,826.3,2.165,0.075,0.64,20,7,36
150,Real Betis Balompié,ES1,laliga,Spain,2022,2022-23,38,17,60,1.58,44.74,5,30,30,100,242950000,242.95,1.512,0.068,0.831,20,7,37
681,Real Sociedad,ES1,laliga,Spain,2022,2022-23,38,21,71,1.87,55.26,16,30,30,100,438600000,438.6,1.803,0.067,0.831,20,8,38
12321,Girona FC,ES1,laliga,Spain,2022,2022-23,38,13,49,1.29,34.21,3,29,27,93.1,138300000,138.3,1.234,0.056,0.831,20,9,39
1005,US Lecce,IT1,serie-a,Italy,2022,2022-23,38,8,36,0.95,21.05,-13,29,29,100,98750000,98.75,0.894,0.056,0.848,20,7,40
415,FC Toulouse,FR1,ligue-1,France,2022,2022-23,38,13,48,1.26,34.21,-6,29,29,100,103350000,103.35,1.208,0.052,0.64,20,8,41
416,Torino FC,IT1,serie-a,Italy,2022,2022-23,38,14,53,1.39,36.84,1,28,28,100,195300000,195.3,1.344,0.046,0.848,20,8,42
290,AJ Auxerre,FR1,ligue-1,France,2022,2022-23,38,8,35,0.92,21.05,-28,32,31,96.88,50200000,50.2,0.876,0.044,0.64,20,9,43
366,Real Valladolid CF,ES1,laliga,Spain,2022,2022-23,38,11,40,1.05,28.95,-30,36,36,100,90000000,90,1.022,0.028,0.831,20,10,44
1050,Villarreal CF,ES1,laliga,Spain,2022,2022-23,38,19,64,1.68,50,19,32,31,96.88,326500000,326.5,1.657,0.023,0.831,20,11,45
27,Bayern Munich,L1,bundesliga,Germany,2022,2022-23,34,21,71,2.09,61.76,54,28,28,100,931200000,931.2,2.071,0.019,0.672,18,8,46
1158,FC Lorient,FR1,ligue-1,France,2022,2022-23,38,15,55,1.45,39.47,-1,30,30,100,168100000,168.1,1.432,0.018,0.64,20,10,47
86,SV Werder Bremen,L1,bundesliga,Germany,2022,2022-23,34,10,36,1.06,29.41,-13,25,25,100,86500000,86.5,1.045,0.015,0.672,18,9,48
31,Liverpool FC,GB1,premier-league,England,2022,2022-23,38,19,67,1.76,50,28,28,26,92.86,782500000,782.5,1.748,0.012,0.485,20,11,49
2239,US Cremonese,IT1,serie-a,Italy,2022,2022-23,38,5,27,0.71,13.16,-33,33,32,96.97,74600000,74.6,0.709,0.001,0.848,20,9,50
148,Tottenham Hotspur,GB1,premier-league,England,2022,2022-23,38,18,60,1.58,47.37,7,29,27,93.1,647100000,647.1,1.598,-0.018,0.485,20,12,51
969,Montpellier HSC,FR1,ligue-1,France,2022,2022-23,38,15,50,1.32,39.47,3,31,30,96.77,138350000,138.35,1.342,-0.022,0.64,20,11,52
800,Atalanta BC,IT1,serie-a,Italy,2022,2022-23,38,19,64,1.68,50,18,27,27,100,337375000,337.38,1.705,-0.025,0.848,20,10,53
273,Stade Rennais FC,FR1,ligue-1,France,2022,2022-23,38,21,68,1.79,55.26,30,32,32,100,386950000,386.95,1.816,-0.026,0.64,20,12,54
82,VfL Wolfsburg,L1,bundesliga,Germany,2022,2022-23,34,13,49,1.44,38.24,9,28,28,100,234600000,234.6,1.476,-0.036,0.672,18,10,55
506,Juventus FC,IT1,serie-a,Italy,2022,2022-23,38,22,72,1.89,57.89,23,29,29,100,476600000,476.6,1.932,-0.042,0.848,20,11,56
3709,Getafe CF,ES1,laliga,Spain,2022,2022-23,38,10,42,1.11,26.32,-11,25,23,92,117500000,117.5,1.153,-0.043,0.831,20,12,57
430,ACF Fiorentina,IT1,serie-a,Italy,2022,2022-23,38,15,56,1.47,39.47,10,30,30,100,254800000,254.8,1.519,-0.049,0.848,20,12,59
3302,UD Almería,ES1,laliga,Spain,2022,2022-23,38,11,41,1.08,28.95,-16,29,29,100,111800000,111.8,1.129,-0.049,0.831,20,13,58
1421,Stade Reims,FR1,ligue-1,France,2022,2022-23,38,12,51,1.34,31.58,0,34,33,97.06,157500000,157.5,1.402,-0.062,0.64,20,13,60
12,Associazione Sportiva Roma,IT1,serie-a,Italy,2022,2022-23,38,18,63,1.66,47.37,12,30,30,100,350700000,350.7,1.73,-0.07,0.848,20,13,61
162,AS Monaco,FR1,ligue-1,France,2022,2022-23,38,19,65,1.71,50,12,27,27,100,365800000,365.8,1.79,-0.08,0.64,20,14,62
703,Nottingham Forest,GB1,premier-league,England,2022,2022-23,38,9,38,1,23.68,-30,33,32,96.97,341800000,341.8,1.095,-0.095,0.485,20,13,63
940,Celta de Vigo,ES1,laliga,Spain,2022,2022-23,38,11,43,1.13,28.95,-10,26,26,100,136400000,136.4,1.227,-0.097,0.831,20,14,64
410,Udinese Calcio,IT1,serie-a,Italy,2022,2022-23,38,11,46,1.21,28.95,-1,30,30,100,185575000,185.58,1.31,-0.1,0.848,20,14,65
44,Hertha BSC,L1,bundesliga,Germany,2022,2022-23,34,7,29,0.85,20.59,-27,29,29,100,71500000,71.5,0.963,-0.113,0.672,18,11,66
418,Real Madrid,ES1,laliga,Spain,2022,2022-23,38,24,78,2.05,63.16,39,26,26,100,915500000,915.5,2.166,-0.116,0.831,20,15,67
621,Athletic Bilbao,ES1,laliga,Spain,2022,2022-23,38,14,51,1.34,36.84,4,26,26,100,221100000,221.1,1.465,-0.125,0.831,20,16,68
33,FC Schalke 04,L1,bundesliga,Germany,2022,2022-23,34,7,31,0.91,20.59,-36,35,35,100,84975000,84.98,1.038,-0.128,0.672,18,12,69
1041,Olympique Lyon,FR1,ligue-1,France,2022,2022-23,38,18,62,1.63,47.37,18,29,29,100,346200000,346.2,1.764,-0.134,0.64,20,15,70
24,Eintracht Frankfurt,L1,bundesliga,Germany,2022,2022-23,34,13,50,1.47,38.24,6,28,28,100,318450000,318.45,1.608,-0.138,0.672,18,13,71
46,Inter Milan,IT1,serie-a,Italy,2022,2022-23,38,23,72,1.89,60.53,29,25,25,100,555000000,555,2.033,-0.143,0.848,20,15,72
3522,Spezia Calcio,IT1,serie-a,Italy,2022,2022-23,38,6,31,0.82,15.79,-31,34,34,100,111300000,111.3,0.973,-0.153,0.848,20,16,73
714,RCD Espanyol Barcelona,ES1,laliga,Spain,2022,2022-23,38,8,37,0.97,21.05,-17,33,33,100,115700000,115.7,1.146,-0.176,0.831,20,17,74
5,AC Milan,IT1,serie-a,Italy,2022,2022-23,38,20,70,1.84,52.63,21,30,30,100,544000000,544,2.02,-0.18,0.848,20,17,75
417,OGC Nice,FR1,ligue-1,France,2022,2022-23,38,15,58,1.53,39.47,11,34,33,97.06,307700000,307.7,1.71,-0.18,0.64,20,16,76
368,Sevilla FC,ES1,laliga,Spain,2022,2022-23,38,13,49,1.29,34.21,-7,35,35,100,228300000,228.3,1.481,-0.191,0.831,20,18,77
18,Borussia Mönchengladbach,L1,bundesliga,Germany,2022,2022-23,34,11,43,1.26,32.35,-3,27,27,100,223950000,223.95,1.456,-0.196,0.672,18,14,78
276,Hellas Verona,IT1,serie-a,Italy,2022,2022-23,38,7,31,0.82,18.42,-28,36,36,100,122300000,122.3,1.035,-0.215,0.848,20,18,79
167,FC Augsburg,L1,bundesliga,Germany,2022,2022-23,34,9,34,1,26.47,-21,34,34,100,128900000,128.9,1.217,-0.217,0.672,18,15,80
1531,Elche CF,ES1,laliga,Spain,2022,2022-23,38,5,25,0.66,13.16,-37,32,31,96.88,67500000,67.5,0.88,-0.22,0.831,20,19,81
399,Leeds United,GB1,premier-league,England,2022,2022-23,38,7,31,0.82,18.42,-30,29,27,93.1,322400000,322.4,1.048,-0.228,0.485,20,14,82
29,Everton FC,GB1,premier-league,England,2022,2022-23,38,8,36,0.95,21.05,-23,28,26,92.86,380800000,380.8,1.18,-0.23,0.485,20,15,83
667,RC Strasbourg Alsace,FR1,ligue-1,France,2022,2022-23,38,9,40,1.05,23.68,-8,29,29,100,122800000,122.8,1.287,-0.237,0.64,20,17,84
1038,UC Sampdoria,IT1,serie-a,Italy,2022,2022-23,38,3,19,0.5,7.89,-47,40,39,97.5,78950000,78.95,0.746,-0.246,0.848,20,19,85
379,West Ham United,GB1,premier-league,England,2022,2022-23,38,11,40,1.05,28.95,-13,25,24,96,443800000,443.8,1.301,-0.251,0.485,20,16,86
543,Wolverhampton Wanderers,GB1,premier-league,England,2022,2022-23,38,11,41,1.08,28.95,-27,32,30,93.75,468500000,468.5,1.343,-0.263,0.485,20,17,87
6574,US Sassuolo,IT1,serie-a,Italy,2022,2022-23,38,12,45,1.18,31.58,-14,31,31,100,231850000,231.85,1.457,-0.277,0.848,20,20,88
15,Bayer 04 Leverkusen,L1,bundesliga,Germany,2022,2022-23,34,14,50,1.47,41.18,8,27,26,96.3,446100000,446.1,1.753,-0.283,0.672,18,16,89
533,TSG 1899 Hoffenheim,L1,bundesliga,Germany,2022,2022-23,34,10,36,1.06,29.41,-9,31,31,100,175750000,175.75,1.351,-0.291,0.672,18,17,90
79,VfB Stuttgart,L1,bundesliga,Germany,2022,2022-23,34,7,33,0.97,20.59,-12,30,30,100,147900000,147.9,1.277,-0.307,0.672,18,18,91
995,FC Nantes,FR1,ligue-1,France,2022,2022-23,38,7,36,0.95,18.42,-18,29,29,100,118050000,118.05,1.269,-0.319,0.64,20,18,92
1049,Valencia CF,ES1,laliga,Spain,2022,2022-23,38,11,42,1.11,28.95,-3,28,28,100,237300000,237.3,1.5,-0.39,0.831,20,20,93
1095,ESTAC Troyes,FR1,ligue-1,France,2022,2022-23,38,4,24,0.63,10.53,-36,32,32,100,74300000,74.3,1.056,-0.426,0.64,20,19,94
1003,Leicester City,GB1,premier-league,England,2022,2022-23,38,9,34,0.89,23.68,-17,28,27,96.43,479000000,479,1.361,-0.471,0.485,20,18,95
180,Southampton FC,GB1,premier-league,England,2022,2022-23,38,6,25,0.66,15.79,-37,36,33,91.67,395700000,395.7,1.21,-0.55,0.485,20,19,96
1420,Angers SCO,FR1,ligue-1,France,2022,2022-23,38,4,18,0.47,10.53,-48,33,33,100,70950000,70.95,1.035,-0.565,0.64,20,20,97
631,Chelsea FC,GB1,premier-league,England,2022,2022-23,38,11,44,1.16,28.95,-9,32,31,96.88,941000000,941,1.893,-0.733,0.485,20,20,98
3911,Stade Brestois 29,FR1,ligue-1,France,2023,2023-24,34,17,61,1.79,50,19,25,25,100,113100000,113.1,1.145,0.645,0.693,18,1,1
15,Bayer 04 Leverkusen,L1,bundesliga,Germany,2023,2023-24,34,28,90,2.65,82.35,65,24,24,100,654000000,654,2.064,0.586,0.749,18,1,2
12321,Girona FC,ES1,laliga,Spain,2023,2023-24,38,25,81,2.13,65.79,39,25,22,88,286850000,286.85,1.58,0.55,0.74,20,1,3
79,VfB Stuttgart,L1,bundesliga,Germany,2023,2023-24,34,23,73,2.15,67.65,39,27,27,100,309250000,309.25,1.649,0.501,0.749,18,2,4
2036,1. Fußballclub Heidenheim 1846,L1,bundesliga,Germany,2023,2023-24,34,10,42,1.24,29.41,-5,22,22,100,65400000,65.4,0.788,0.452,0.749,18,3,5
1031,Luton Town,GB1,premier-league,England,2023,2023-24,38,6,26,0.68,15.79,-33,28,26,92.86,131700000,131.7,0.31,0.37,0.866,20,1,6
46,Inter Milan,IT1,serie-a,Italy,2023,2023-24,38,29,94,2.47,76.32,67,27,27,100,646100000,646.1,2.106,0.364,0.808,20,1,7
367,Rayo Vallecano,ES1,laliga,Spain,2023,2023-24,38,8,38,1,21.05,-19,26,25,96.15,62500000,62.5,0.709,0.291,0.74,20,2,8
11,Arsenal FC,GB1,premier-league,England,2023,2023-24,38,28,89,2.34,73.68,62,25,25,100,1148500000,1148.5,2.071,0.269,0.866,20,3,10
31,Liverpool FC,GB1,premier-league,England,2023,2023-24,38,24,82,2.16,63.16,45,30,28,93.33,920250000,920.25,1.891,0.269,0.866,20,2,9
162,AS Monaco,FR1,ligue-1,France,2023,2023-24,34,20,67,1.97,58.82,26,30,30,100,380800000,380.8,1.728,0.242,0.693,18,2,11
398,Società Sportiva Lazio S.p.A.,IT1,serie-a,Italy,2023,2023-24,38,18,61,1.61,47.37,10,22,22,100,218000000,218,1.381,0.229,0.808,20,2,12
80,VfL Bochum,L1,bundesliga,Germany,2023,2023-24,34,7,33,0.97,20.59,-32,25,25,100,61750000,61.75,0.756,0.214,0.749,18,4,13
13,Atlético de Madrid,ES1,laliga,Spain,2023,2023-24,38,24,76,2,63.16,27,27,27,100,417800000,417.8,1.795,0.205,0.74,20,3,14
621,Athletic Bilbao,ES1,laliga,Spain,2023,2023-24,38,19,68,1.79,50,24,27,27,100,294600000,294.6,1.595,0.195,0.74,20,4,15
1390,Cagliari Calcio,IT1,serie-a,Italy,2023,2023-24,38,8,36,0.95,21.05,-26,29,29,100,85575000,85.58,0.757,0.193,0.808,20,3,16
2687,Cádiz CF,ES1,laliga,Spain,2023,2023-24,38,6,33,0.87,15.79,-29,34,34,100,59100000,59.1,0.678,0.192,0.74,20,5,17
331,CA Osasuna,ES1,laliga,Spain,2023,2023-24,38,12,45,1.18,31.58,-11,29,29,100,103750000,103.75,0.999,0.181,0.74,20,6,18
1421,Stade Reims,FR1,ligue-1,France,2023,2023-24,34,13,47,1.38,38.24,-5,29,27,93.1,127250000,127.25,1.201,0.179,0.693,18,3,19
1025,Bologna Football Club 1909,IT1,serie-a,Italy,2023,2023-24,38,18,68,1.79,47.37,22,28,28,100,308400000,308.4,1.613,0.177,0.808,20,4,20
1005,US Lecce,IT1,serie-a,Italy,2023,2023-24,38,8,38,1,21.05,-22,26,26,100,96700000,96.7,0.839,0.161,0.808,20,5,21
281,Manchester City,GB1,premier-league,England,2023,2023-24,38,28,91,2.39,73.68,62,25,25,100,1410000000,1410,2.238,0.152,0.866,20,4,22
237,RCD Mallorca,ES1,laliga,Spain,2023,2023-24,38,8,40,1.05,21.05,-11,25,25,100,87100000,87.1,0.899,0.151,0.74,20,7,23
405,Aston Villa,GB1,premier-league,England,2023,2023-24,38,20,68,1.79,52.63,15,31,30,96.77,678300000,678.3,1.643,0.147,0.866,20,5,24
418,Real Madrid,ES1,laliga,Spain,2023,2023-24,38,29,95,2.5,76.32,61,27,27,100,1127800000,1127.8,2.362,0.138,0.74,20,8,25
1108,Deportivo Alavés,ES1,laliga,Spain,2023,2023-24,38,12,46,1.21,31.58,-10,30,30,100,121050000,121.05,1.087,0.123,0.74,20,9,26
2919,AC Monza,IT1,serie-a,Italy,2023,2023-24,38,11,45,1.18,28.95,-12,31,30,96.77,135800000,135.8,1.066,0.114,0.808,20,7,28
749,FC Empoli,IT1,serie-a,Italy,2023,2023-24,38,9,36,0.95,23.68,-25,34,34,100,96200000,96.2,0.836,0.114,0.808,20,6,27
430,ACF Fiorentina,IT1,serie-a,Italy,2023,2023-24,38,17,60,1.58,44.74,15,30,30,100,248200000,248.2,1.468,0.112,0.808,20,8,29
1082,LOSC Lille,FR1,ligue-1,France,2023,2023-24,34,16,59,1.74,47.06,18,28,28,100,312450000,312.45,1.633,0.107,0.693,18,4,30
931,Fulham FC,GB1,premier-league,England,2023,2023-24,38,13,47,1.24,34.21,-6,25,24,96,369800000,369.8,1.149,0.091,0.866,20,6,31
29,Everton FC,GB1,premier-league,England,2023,2023-24,38,13,48,1.26,34.21,-11,26,25,96.15,380000000,380,1.171,0.089,0.866,20,7,32
826,RC Lens,FR1,ligue-1,France,2023,2023-24,34,14,51,1.5,41.18,8,27,27,100,201200000,201.2,1.421,0.079,0.693,18,5,33
417,OGC Nice,FR1,ligue-1,France,2023,2023-24,34,15,55,1.62,44.12,11,27,27,100,260450000,260.45,1.546,0.074,0.693,18,6,34
416,Torino FC,IT1,serie-a,Italy,2023,2023-24,38,13,53,1.39,34.21,0,30,30,100,199600000,199.6,1.323,0.067,0.808,20,9,35
150,Real Betis Balompié,ES1,laliga,Spain,2023,2023-24,38,14,57,1.5,36.84,3,35,35,100,222650000,222.65,1.435,0.065,0.74,20,10,36
989,AFC Bournemouth,GB1,premier-league,England,2023,2023-24,38,13,48,1.26,34.21,-13,30,30,100,396600000,396.6,1.206,0.054,0.866,20,8,37
86,SV Werder Bremen,L1,bundesliga,Germany,2023,2023-24,34,11,42,1.24,32.35,-6,30,29,96.67,134600000,134.6,1.188,0.052,0.749,18,5,38
583,Paris Saint-Germain,FR1,ligue-1,France,2023,2023-24,34,22,76,2.24,64.71,48,29,29,100,999300000,999.3,2.192,0.048,0.693,18,7,39
415,FC Toulouse,FR1,ligue-1,France,2023,2023-24,34,11,43,1.26,32.35,-4,26,26,100,136600000,136.6,1.235,0.025,0.693,18,8,40
533,TSG 1899 Hoffenheim,L1,bundesliga,Germany,2023,2023-24,34,13,46,1.35,38.24,0,30,30,100,172900000,172.9,1.326,0.024,0.749,18,6,41
379,West Ham United,GB1,premier-league,England,2023,2023-24,38,14,52,1.37,36.84,-14,26,25,96.15,472300000,472.3,1.348,0.022,0.866,20,9,42
8970,Frosinone Calcio,IT1,serie-a,Italy,2023,2023-24,38,8,35,0.92,21.05,-25,34,34,100,106250000,106.25,0.902,0.018,0.808,20,10,43
738,Le Havre AC,FR1,ligue-1,France,2023,2023-24,34,7,32,0.94,20.59,-11,27,27,100,71300000,71.3,0.923,0.017,0.693,18,9,44
350,Sheffield United,GB1,premier-league,England,2023,2023-24,38,3,16,0.42,7.89,-69,35,31,88.57,148850000,148.85,0.409,0.011,0.866,20,10,45
873,Crystal Palace,GB1,premier-league,England,2023,2023-24,38,13,49,1.29,34.21,-1,26,25,96.15,434700000,434.7,1.281,0.009,0.866,20,11,46
131,FC Barcelona,ES1,laliga,Spain,2023,2023-24,38,26,85,2.24,68.42,35,29,29,100,901500000,901.5,2.234,0.006,0.74,20,11,48
105,SV Darmstadt 98,L1,bundesliga,Germany,2023,2023-24,34,3,17,0.5,8.82,-56,32,31,96.88,38450000,38.45,0.494,0.006,0.749,18,7,47
472,UD Las Palmas,ES1,laliga,Spain,2023,2023-24,38,10,40,1.05,26.32,-14,29,28,96.55,112400000,112.4,1.045,0.005,0.74,20,12,49
252,Genoa CFC,IT1,serie-a,Italy,2023,2023-24,38,12,49,1.29,31.58,0,34,34,100,190500000,190.5,1.291,-0.001,0.808,20,11,50
800,Atalanta BC,IT1,serie-a,Italy,2023,2023-24,38,21,69,1.82,55.26,30,29,29,100,422100000,422.1,1.822,-0.002,0.808,20,12,51
12,Associazione Sportiva Roma,IT1,serie-a,Italy,2023,2023-24,38,18,63,1.66,47.37,19,30,30,100,334500000,334.5,1.667,-0.007,0.808,20,13,52
3709,Getafe CF,ES1,laliga,Spain,2023,2023-24,38,10,43,1.13,26.32,-12,33,32,96.97,132500000,132.5,1.139,-0.009,0.74,20,13,53
762,Newcastle United,GB1,premier-league,England,2023,2023-24,38,18,60,1.58,47.37,23,32,27,84.38,638400000,638.4,1.593,-0.013,0.866,20,12,54
347,FC Metz,FR1,ligue-1,France,2023,2023-24,34,8,29,0.85,23.53,-23,30,30,100,63750000,63.75,0.869,-0.019,0.693,18,10,55
969,Montpellier HSC,FR1,ligue-1,France,2023,2023-24,34,10,42,1.24,29.41,-5,31,31,100,144900000,144.9,1.264,-0.024,0.693,18,11,56
167,FC Augsburg,L1,bundesliga,Germany,2023,2023-24,34,10,39,1.15,29.41,-10,29,29,100,133100000,133.1,1.182,-0.032,0.749,18,8,57
506,Juventus FC,IT1,serie-a,Italy,2023,2023-24,38,19,71,1.87,50,23,31,30,96.77,476300000,476.3,1.903,-0.033,0.808,20,14,58
148,Tottenham Hotspur,GB1,premier-league,England,2023,2023-24,38,20,66,1.74,52.63,13,29,26,89.66,797000000,797,1.774,-0.034,0.866,20,13,59
5,AC Milan,IT1,serie-a,Italy,2023,2023-24,38,22,75,1.97,57.89,27,35,35,100,564550000,564.55,2.016,-0.046,0.808,20,15,60
23826,RB Leipzig,L1,bundesliga,Germany,2023,2023-24,34,19,65,1.91,55.88,38,26,24,92.31,539000000,539,1.956,-0.046,0.749,18,9,61
543,Wolverhampton Wanderers,GB1,premier-league,England,2023,2023-24,38,13,46,1.21,34.21,-15,27,27,100,422500000,422.5,1.258,-0.048,0.866,20,14,62
1041,Olympique Lyon,FR1,ligue-1,France,2023,2023-24,34,16,53,1.56,47.06,-6,35,35,100,297250000,297.25,1.609,-0.049,0.693,18,12,63
16,Borussia Dortmund,L1,bundesliga,Germany,2023,2023-24,34,18,63,1.85,52.94,25,32,32,100,491400000,491.4,1.905,-0.055,0.749,18,10,64
276,Hellas Verona,IT1,serie-a,Italy,2023,2023-24,38,9,38,1,23.68,-13,36,36,100,134250000,134.25,1.058,-0.058,0.808,20,16,65
60,SC Freiburg,L1,bundesliga,Germany,2023,2023-24,34,11,42,1.24,32.35,-13,25,25,100,166150000,166.15,1.304,-0.064,0.749,18,11,66
3,1.FC Köln,L1,bundesliga,Germany,2023,2023-24,34,5,27,0.79,14.71,-32,26,26,100,78300000,78.3,0.888,-0.098,0.749,18,12,67
1050,Villarreal CF,ES1,laliga,Spain,2023,2023-24,38,14,53,1.39,36.84,0,32,32,100,248400000,248.4,1.498,-0.108,0.74,20,14,68
3524,Clermont Foot 63,FR1,ligue-1,France,2023,2023-24,34,5,25,0.74,14.71,-34,31,30,96.77,61300000,61.3,0.85,-0.11,0.693,18,13,69
940,Celta de Vigo,ES1,laliga,Spain,2023,2023-24,38,10,41,1.08,26.32,-11,31,31,100,145850000,145.85,1.194,-0.114,0.74,20,15,70
1237,Brighton & Hove Albion,GB1,premier-league,England,2023,2023-24,38,12,48,1.26,31.58,-7,30,27,90,493500000,493.5,1.384,-0.124,0.866,20,15,71
244,Olympique Marseille,FR1,ligue-1,France,2023,2023-24,34,13,50,1.47,38.24,11,33,32,96.97,289550000,289.55,1.596,-0.126,0.693,18,14,72
27,Bayern Munich,L1,bundesliga,Germany,2023,2023-24,34,23,72,2.12,67.65,49,30,30,100,910600000,910.6,2.247,-0.127,0.749,18,13,73
985,Manchester United,GB1,premier-league,England,2023,2023-24,38,18,60,1.58,47.37,-1,31,29,93.55,753000000,753,1.727,-0.147,0.866,20,16,75
667,RC Strasbourg Alsace,FR1,ligue-1,France,2023,2023-24,34,10,39,1.15,29.41,-12,30,29,96.67,155250000,155.25,1.297,-0.147,0.693,18,15,74
39,1.FSV Mainz 05,L1,bundesliga,Germany,2023,2023-24,34,7,35,1.03,20.59,-12,30,30,100,142300000,142.3,1.219,-0.189,0.749,18,14,76
1049,Valencia CF,ES1,laliga,Spain,2023,2023-24,38,13,49,1.29,34.21,-5,29,29,100,243600000,243.6,1.487,-0.197,0.74,20,16,77
1148,Brentford FC,GB1,premier-league,England,2023,2023-24,38,10,39,1.03,26.32,-9,28,26,92.86,417500000,417.5,1.248,-0.218,0.866,20,17,78
995,FC Nantes,FR1,ligue-1,France,2023,2023-24,34,9,33,0.97,26.47,-25,35,34,97.14,124900000,124.9,1.192,-0.222,0.693,18,16,79
410,Udinese Calcio,IT1,serie-a,Italy,2023,2023-24,38,6,37,0.97,15.79,-16,32,32,100,164500000,164.5,1.193,-0.223,0.808,20,17,80
1132,Burnley FC,GB1,premier-league,England,2023,2023-24,38,5,24,0.63,13.16,-37,31,31,100,262000000,262,0.869,-0.239,0.866,20,18,81
631,Chelsea FC,GB1,premier-league,England,2023,2023-24,38,18,63,1.66,47.37,14,32,32,100,944500000,944.5,1.912,-0.252,0.866,20,19,82
6574,US Sassuolo,IT1,serie-a,Italy,2023,2023-24,38,7,30,0.79,18.42,-32,30,30,100,133950000,133.95,1.056,-0.266,0.808,20,18,83
18,Borussia Mönchengladbach,L1,bundesliga,Germany,2023,2023-24,34,7,34,1,20.59,-11,27,27,100,161650000,161.65,1.289,-0.289,0.749,18,16,85
24,Eintracht Frankfurt,L1,bundesliga,Germany,2023,2023-24,34,11,47,1.38,32.35,1,34,34,100,320700000,320.7,1.669,-0.289,0.749,18,15,84
681,Real Sociedad,ES1,laliga,Spain,2023,2023-24,38,16,60,1.58,42.11,12,31,31,100,485450000,485.45,1.88,-0.3,0.74,20,17,86
89,1.FC Union Berlin,L1,bundesliga,Germany,2023,2023-24,34,9,33,0.97,26.47,-25,30,30,100,160300000,160.3,1.285,-0.315,0.749,18,17,87
82,VfL Wolfsburg,L1,bundesliga,Germany,2023,2023-24,34,10,37,1.09,29.41,-15,28,27,96.43,205700000,205.7,1.423,-0.333,0.749,18,18,88
368,Sevilla FC,ES1,laliga,Spain,2023,2023-24,38,10,41,1.08,26.32,-6,35,35,100,216300000,216.3,1.419,-0.339,0.74,20,18,89
273,Stade Rennais FC,FR1,ligue-1,France,2023,2023-24,34,12,46,1.35,35.29,7,29,29,100,365400000,365.4,1.708,-0.358,0.693,18,17,90
1158,FC Lorient,FR1,ligue-1,France,2023,2023-24,34,7,29,0.85,20.59,-23,38,36,94.74,129800000,129.8,1.211,-0.361,0.693,18,18,91
380,US Salernitana 1919,IT1,serie-a,Italy,2023,2023-24,38,2,17,0.45,5.26,-49,39,39,100,93725000,93.73,0.818,-0.368,0.808,20,19,92
703,Nottingham Forest,GB1,premier-league,England,2023,2023-24,38,9,36,0.95,23.68,-18,33,33,100,478500000,478.5,1.359,-0.409,0.866,20,20,93
3302,UD Almería,ES1,laliga,Spain,2023,2023-24,38,3,21,0.55,7.89,-32,35,33,94.29,97800000,97.8,0.965,-0.415,0.74,20,19,94
6195,SSC Napoli,IT1,serie-a,Italy,2023,2023-24,38,13,53,1.39,34.21,7,29,29,100,499200000,499.2,1.934,-0.544,0.808,20,20,95
16795,Granada CF,ES1,laliga,Spain,2023,2023-24,38,4,21,0.55,10.53,-41,40,40,100,140450000,140.45,1.172,-0.622,0.74,20,20,96
31,Liverpool FC,GB1,premier-league,England,2024,2024-25,38,25,84,2.21,65.79,45,24,20,83.33,808800000,808.8,1.792,0.418,0.533,15,1,1
703,Nottingham Forest,GB1,premier-league,England,2024,2024-25,38,19,65,1.71,50,12,23,22,95.65,437500000,437.5,1.33,0.38,0.533,15,2,2
60,SC Freiburg,L1,bundesliga,Germany,2024,2024-25,34,16,55,1.62,47.06,-4,26,22,84.62,140300000,140.3,1.251,0.369,0.75,15,1,3
931,Fulham FC,GB1,premier-league,England,2024,2024-25,38,15,54,1.42,39.47,0,26,24,92.31,325350000,325.35,1.108,0.312,0.533,15,3,5
86,SV Werder Bremen,L1,bundesliga,Germany,2024,2024-25,34,14,51,1.5,41.18,-3,23,22,95.65,123500000,123.5,1.188,0.312,0.75,15,2,4
27,Bayern Munich,L1,bundesliga,Germany,2024,2024-25,34,25,82,2.41,73.53,67,29,26,89.66,860500000,860.5,2.143,0.267,0.75,15,3,6
417,OGC Nice,FR1,ligue-1,France,2024,2024-25,34,17,60,1.76,50,25,31,26,83.87,194150000,194.15,1.5,0.26,0.694,7,1,7
29,Everton FC,GB1,premier-league,England,2024,2024-25,38,11,48,1.26,28.95,-2,26,23,88.46,305500000,305.5,1.061,0.199,0.533,15,4,8
39,1.FSV Mainz 05,L1,bundesliga,Germany,2024,2024-25,34,14,52,1.53,41.18,12,25,24,96,167000000,167,1.336,0.194,0.75,15,4,9
331,CA Osasuna,ES1,laliga,Spain,2024,2024-25,38,12,52,1.37,31.58,-4,25,25,100,111300000,111.3,1.199,0.171,0.018,4,1,10
989,AFC Bournemouth,GB1,premier-league,England,2024,2024-25,38,15,56,1.47,39.47,12,29,28,96.55,421250000,421.25,1.302,0.168,0.533,15,5,11
6195,SSC Napoli,IT1,serie-a,Italy,2024,2024-25,38,24,82,2.16,63.16,32,27,26,96.3,482500000,482.5,2.034,0.126,0.961,5,1,12
583,Paris Saint-Germain,FR1,ligue-1,France,2024,2024-25,34,26,84,2.47,76.47,57,28,28,100,1116000000,1116,2.345,0.125,0.694,7,2,13
1082,LOSC Lille,FR1,ligue-1,France,2024,2024-25,34,17,60,1.76,50,16,27,22,81.48,257700000,257.7,1.637,0.123,0.694,7,3,14
762,Newcastle United,GB1,premier-league,England,2024,2024-25,38,20,66,1.74,52.63,21,24,23,95.83,656000000,656,1.635,0.105,0.533,15,6,15
405,Aston Villa,GB1,premier-league,England,2024,2024-25,38,19,66,1.74,50,7,28,27,96.43,666500000,666.5,1.647,0.093,0.533,15,7,16
1390,Cagliari Calcio,IT1,serie-a,Italy,2024,2024-25,38,9,36,0.95,23.68,-16,28,25,89.29,73750000,73.75,0.876,0.074,0.961,5,2,17
15,Bayer 04 Leverkusen,L1,bundesliga,Germany,2024,2024-25,34,19,69,2.03,55.88,29,23,23,100,596000000,596,1.962,0.068,0.75,15,5,18
18,Borussia Mönchengladbach,L1,bundesliga,Germany,2024,2024-25,34,13,45,1.32,38.24,-2,26,26,100,146300000,146.3,1.271,0.049,0.75,15,6,19
237,RCD Mallorca,ES1,laliga,Spain,2024,2024-25,38,13,48,1.26,34.21,-9,28,28,100,84700000,84.7,1.217,0.043,0.018,4,2,20
415,FC Toulouse,FR1,ligue-1,France,2024,2024-25,34,11,42,1.24,32.35,1,27,22,81.48,104050000,104.05,1.199,0.041,0.694,7,4,21
12,Associazione Sportiva Roma,IT1,serie-a,Italy,2024,2024-25,38,20,69,1.82,52.63,21,28,26,92.86,328500000,328.5,1.797,0.023,0.961,5,3,22
1237,Brighton & Hove Albion,GB1,premier-league,England,2024,2024-25,38,16,61,1.61,42.11,7,32,31,96.88,628500000,628.5,1.603,0.007,0.533,15,8,23
167,FC Augsburg,L1,bundesliga,Germany,2024,2024-25,34,11,43,1.26,32.35,-16,29,28,96.55,143500000,143.5,1.262,-0.002,0.75,15,7,24
667,RC Strasbourg Alsace,FR1,ligue-1,France,2024,2024-25,34,16,57,1.68,47.06,12,30,29,96.67,288900000,288.9,1.692,-0.012,0.694,7,5,25
89,1.FC Union Berlin,L1,bundesliga,Germany,2024,2024-25,34,10,40,1.18,29.41,-16,28,26,92.86,128100000,128.1,1.206,-0.026,0.75,15,8,26
631,Chelsea FC,GB1,premier-league,England,2024,2024-25,38,20,69,1.82,52.63,21,29,25,86.21,883800000,883.8,1.859,-0.039,0.533,15,9,27
24,Eintracht Frankfurt,L1,bundesliga,Germany,2024,2024-25,34,17,60,1.76,50,22,26,26,100,427850000,427.85,1.799,-0.039,0.75,15,9,28
873,Crystal Palace,GB1,premier-league,England,2024,2024-25,38,13,53,1.39,34.21,0,29,28,96.55,506075000,506.08,1.44,-0.05,0.533,15,10,29
80,VfL Bochum,L1,bundesliga,Germany,2024,2024-25,34,6,25,0.74,17.65,-34,27,27,100,55400000,55.4,0.793,-0.053,0.75,15,10,30
162,AS Monaco,FR1,ligue-1,France,2024,2024-25,34,18,61,1.79,52.94,22,28,28,100,406000000,406,1.857,-0.067,0.694,7,6,31
2036,1. Fußballclub Heidenheim 1846,L1,bundesliga,Germany,2024,2024-25,34,8,29,0.85,23.53,-27,27,27,100,71725000,71.73,0.92,-0.07,0.75,15,11,32
11,Arsenal FC,GB1,premier-league,England,2024,2024-25,38,20,74,1.95,52.63,35,25,23,92,1099000000,1099,2.022,-0.072,0.533,15,11,33
46,Inter Milan,IT1,serie-a,Italy,2024,2024-25,38,24,81,2.13,63.16,44,26,25,96.15,641500000,641.5,2.21,-0.08,0.961,5,4,34
12321,Girona FC,ES1,laliga,Spain,2024,2024-25,38,11,41,1.08,28.95,-16,30,25,83.33,144200000,144.2,1.182,-0.102,0.018,4,3,35
3709,Getafe CF,ES1,laliga,Spain,2024,2024-25,38,11,42,1.11,28.95,-5,30,28,93.33,79000000,79,1.222,-0.112,0.018,4,4,36
379,West Ham United,GB1,premier-league,England,2024,2024-25,38,11,43,1.13,28.95,-16,27,27,100,400100000,400.1,1.263,-0.133,0.533,15,12,37
281,Manchester City,GB1,premier-league,England,2024,2024-25,38,21,71,1.87,55.26,28,30,28,93.33,1078000000,1078,2.008,-0.138,0.533,15,13,38
410,Udinese Calcio,IT1,serie-a,Italy,2024,2024-25,38,12,44,1.16,31.58,-15,31,28,90.32,147350000,147.35,1.303,-0.143,0.961,5,5,39
16,Borussia Dortmund,L1,bundesliga,Germany,2024,2024-25,34,17,57,1.68,50,20,28,28,100,472600000,472.6,1.848,-0.168,0.75,15,12,40
79,VfB Stuttgart,L1,bundesliga,Germany,2024,2024-25,34,14,50,1.47,41.18,11,29,28,96.55,331600000,331.6,1.674,-0.204,0.75,15,13,41
82,VfL Wolfsburg,L1,bundesliga,Germany,2024,2024-25,34,11,43,1.26,32.35,2,27,26,96.3,249000000,249,1.533,-0.273,0.75,15,14,42
533,TSG 1899 Hoffenheim,L1,bundesliga,Germany,2024,2024-25,34,7,32,0.94,20.59,-22,35,35,100,176200000,176.2,1.363,-0.423,0.75,15,15,43
273,Stade Rennais FC,FR1,ligue-1,France,2024,2024-25,34,13,41,1.21,38.24,1,35,34,97.14,281400000,281.4,1.68,-0.47,0.694,7,7,44
985,Manchester United,GB1,premier-league,England,2024,2024-25,38,11,42,1.11,28.95,-10,31,25,80.65,685000000,685,1.667,-0.557,0.533,15,14,45
180,Southampton FC,GB1,premier-league,England,2024,2024-25,38,2,12,0.32,5.26,-60,36,35,97.22,287100000,287.1,1.014,-0.694,0.533,15,15,46